assemblyA	assemblyB	n_breakpoints_per_chrom	seed_idx	seed	het_frac	unknown_frac	n_sites	pair_acc	hap_acc	homo_pred
C009-T009	C011-T007	1	0	1100	0.553808909789644	0.0	316416	0.5730999696601942	0.7849318618527508	0.028285548139158578
C009-T009	C011-T007	1	1	1101	0.4776559971682848	0.0	316416	0.48530099615695793	0.7410323751011327	0.01603901193365696
C009-T009	C011-T007	1	2	1102	0.5351594103964401	0.0	316416	0.5485531705097088	0.7726584622775081	0.019512287621359224
C009-T009	C011-T007	1	3	1103	0.4605456108414239	0.0	316416	0.4769512287621359	0.7368574914037217	0.025836240898058253
C009-T009	C011-T007	1	4	1104	0.46019164644012944	0.0	316416	0.4768026901294498	0.7367832220873787	0.021964755258899675
C009-T009	C011-T007	2	0	1200	0.4404486498786408	0.0	316416	0.45689535295307443	0.726829553499191	0.027128843042071197
C009-T009	C011-T007	2	1	1201	0.48145795408576053	0.0	316416	0.49431760720064727	0.7455406806229773	0.02194895327669903
C009-T009	C011-T007	2	2	1202	0.528977674959547	0.0	316416	0.5421154429611651	0.7694395985032363	0.024717460558252427
C009-T009	C011-T007	2	3	1203	0.5550414644012945	0.0	316416	0.5605121106391586	0.778637932342233	0.015286837580906149
C009-T009	C011-T007	2	4	1204	0.6114355784789643	0.0	316416	0.619677892394822	0.8082208232200647	0.01647830703883495
C009-T009	C011-T007	5	0	1500	0.5274290807038835	0.0	316416	0.5453548493122977	0.7710593016788025	0.023456462378640776
C009-T009	C011-T007	5	1	1501	0.514819098907767	0.0	316416	0.5294612156148867	0.7631124848300971	0.020665832322006472
C009-T009	C011-T007	5	2	1502	0.5188201608009708	0.0	316416	0.5405226031553398	0.7686431786003236	0.028788051173139158
C009-T009	C011-T007	5	3	1503	0.5166900536003236	0.0	316416	0.5312310376213593	0.7639973958333334	0.021462252224919095
C009-T009	C011-T007	5	4	1504	0.4574168183656958	0.0	316416	0.4819162115695793	0.7393399828074434	0.027666110436893203
C009-T009	C011-T007	10	0	2000	0.5493053448624595	0.0	316416	0.5723003893608414	0.7845320717030745	0.02796950849514563
C009-T009	C011-T007	10	1	2001	0.4623691595873786	0.0	316416	0.48850879854368934	0.7426362762944984	0.029445413632686084
C009-T009	C011-T007	10	2	2002	0.49414694579288027	0.0	316416	0.5053189472087378	0.7510413506270227	0.01833345974919094
C009-T009	C011-T007	10	3	2003	0.5059289037216829	0.0	316416	0.5242528822815534	0.7605083181634305	0.022157539441747573
C009-T009	C011-T007	10	4	2004	0.5106789795711975	0.0	316416	0.5320369387135923	0.7644003463794499	0.027135163834951456
C009-T009	C027-T007	1	0	1100	0.5503433719758064	0.0	317440	0.5683026713709678	0.7825384324596775	0.025425277217741935
C009-T009	C027-T007	1	1	1101	0.4738218245967742	0.0	317440	0.4802765877016129	0.738525390625	0.015130418346774194
C009-T009	C027-T007	1	2	1102	0.5379189768145162	0.0	317440	0.5498267389112903	0.7733004662298387	0.01935483870967742
C009-T009	C027-T007	1	3	1103	0.46625819052419354	0.0	317440	0.47387537802419355	0.7353247857862903	0.017867943548387097
C009-T009	C027-T007	1	4	1104	0.45955456149193546	0.0	317440	0.4781880040322581	0.7374810987903225	0.02357295866935484
C009-T009	C027-T007	2	0	1200	0.44282069052419354	0.0	317440	0.4570123487903226	0.7268932711693549	0.02504725302419355
C009-T009	C027-T007	2	1	1201	0.48432774697580644	0.0	317440	0.49326171875	0.7450179561491935	0.01956275201612903
C009-T009	C027-T007	2	2	1202	0.5288432459677419	0.0	317440	0.5385490171370968	0.767661605342742	0.020901587701612902
C009-T009	C027-T007	2	3	1203	0.5599168346774194	0.0	317440	0.5679782006048387	0.7823761970766129	0.018961063508064518
C009-T009	C027-T007	2	4	1204	0.6113501764112903	0.0	317440	0.6170646421370968	0.8069194178427419	0.014320816532258064
C009-T009	C027-T007	5	0	1500	0.5298481602822581	0.0	317440	0.5430065524193548	0.769890372983871	0.02160093245967742
C009-T009	C027-T007	5	1	1501	0.5083543346774193	0.0	317440	0.5185483870967742	0.7576612903225807	0.0166015625
C009-T009	C027-T007	5	2	1502	0.5168031754032258	0.0	317440	0.5307774697580645	0.7637758316532258	0.02221522177419355
C009-T009	C027-T007	5	3	1503	0.5165133568548387	0.0	317440	0.528159652217742	0.7624669228830645	0.017631678427419355
C009-T009	C027-T007	5	4	1504	0.45432837701612905	0.0	317440	0.4744770665322581	0.7356256300403226	0.025403225806451612
C009-T009	C027-T007	10	0	2000	0.550034652217742	0.0	317440	0.5671339465725806	0.7819540700604839	0.024546370967741937
C009-T009	C027-T007	10	1	2001	0.46526902721774194	0.0	317440	0.4853515625	0.7410628780241936	0.025513482862903225
C009-T009	C027-T007	10	2	2002	0.49759009576612906	0.0	317440	0.5113375756048387	0.7540558845766129	0.02146547379032258
C009-T009	C027-T007	10	3	2003	0.5078566028225806	0.0	317440	0.5230563256048387	0.7599152595766129	0.021267011088709677
C009-T009	C027-T007	10	4	2004	0.5107327368951613	0.0	317440	0.5220797631048387	0.7594269783266129	0.018957913306451614
C009-T009	C050-T007	1	0	1100	0.5515662680868167	0.0	318464	0.568089328778135	0.7824369473472669	0.022526879019292605
C009-T009	C050-T007	1	1	1101	0.4772062148311897	0.0	318464	0.4823056923231511	0.7395451291197749	0.013759797025723473
C009-T009	C050-T007	1	2	1102	0.5371407757234726	0.0	318464	0.5497418860530546	0.7732632259847267	0.01790155245176849
C009-T009	C050-T007	1	3	1103	0.46120126607717044	0.0	318464	0.4675442122186495	0.7321643890675241	0.013985882234726688
C009-T009	C050-T007	1	4	1104	0.46269908058681675	0.0	318464	0.4834266981511254	0.740105632033762	0.024684108721864953
C009-T009	C050-T007	2	0	1200	0.4396792102090032	0.0	318464	0.4533542252813505	0.7250693955988746	0.02239185590836013
C009-T009	C050-T007	2	1	1201	0.4850124346864952	0.0	318464	0.49558819835209006	0.7461863821342444	0.01712595458199357
C009-T009	C050-T007	2	2	1202	0.5290707897909968	0.0	318464	0.5436470056270096	0.7702157857717041	0.02228195337620579
C009-T009	C050-T007	2	3	1203	0.5563171975482315	0.0	318464	0.5642584405144695	0.7805215032154341	0.016545041197749195
C009-T009	C050-T007	2	4	1204	0.6107848924839229	0.0	318464	0.6159974125803859	0.8063909892483923	0.01045016077170418
C009-T009	C050-T007	5	0	1500	0.530979953778135	0.0	318464	0.5475563956993569	0.7721704808078779	0.02136191217845659
C009-T009	C050-T007	5	1	1501	0.5106825261254019	0.0	318464	0.5216978999196141	0.7592412329180064	0.016196493167202574
C009-T009	C050-T007	5	2	1502	0.5166266830787781	0.0	318464	0.5331403235530546	0.7649624447347267	0.022033887660771703
C009-T009	C050-T007	5	3	1503	0.5185860882234726	0.0	318464	0.527532154340836	0.7621583601286174	0.012852316117363344
C009-T009	C050-T007	5	4	1504	0.45456315313504825	0.0	318464	0.47539125301446944	0.7360879094654341	0.024357541197749195
C009-T009	C050-T007	10	0	2000	0.5491358520900321	0.0	318464	0.5637654491559485	0.7802750075361736	0.019980280345659164
C009-T009	C050-T007	10	1	2001	0.4636599427250804	0.0	318464	0.4857974527733119	0.7412910093448553	0.025710912379421223
C009-T009	C050-T007	10	2	2002	0.49389883942926044	0.0	318464	0.5088958249598071	0.7528401954381029	0.021176647909967844
C009-T009	C050-T007	10	3	2003	0.5054543056672026	0.0	318464	0.5188278737942122	0.7578062198553055	0.018184158963022508
C009-T009	C050-T007	10	4	2004	0.509671422829582	0.0	318464	0.5207715785771704	0.7587780722467846	0.017311218850482316
C076-T198	C081-T199	1	0	1100	0.5555954549701047	0.0	342528	0.7303782464499252	0.8651891232249627	0.1797283725710015
C076-T198	C081-T199	1	1	1101	0.480398682735426	0.0	342528	0.7294819693572496	0.8647409846786248	0.25825625934230195
C076-T198	C081-T199	1	2	1102	0.5322718142750373	0.0	342528	0.738199504857997	0.8690997524289985	0.21289354446935724
C076-T198	C081-T199	1	3	1103	0.4651648916292975	0.0	342528	0.7570330016816144	0.8785165008408071	0.30163665452167415
C076-T198	C081-T199	1	4	1104	0.46224834174140506	0.0	342528	0.7174099635650224	0.8587049817825112	0.2626179465620329
C076-T198	C081-T199	2	0	1200	0.44449212911061287	0.0	342528	0.701160197122571	0.8505800985612855	0.26280479260089684
C076-T198	C081-T199	2	1	1201	0.48440711416292975	0.0	342528	0.723076653587444	0.861538326793722	0.24460774009715994
C076-T198	C081-T199	2	2	1202	0.5324119488041853	0.0	342528	0.7835067498131539	0.891753374906577	0.25953206745142005
C076-T198	C081-T199	2	3	1203	0.5687856175261584	0.0	342528	0.7475534846786248	0.8737767423393124	0.18614828568759342
C076-T198	C081-T199	2	4	1204	0.611514971038864	0.0	342528	0.7936986173393124	0.8968493086696562	0.19233756072496264
C076-T198	C081-T199	5	0	1500	0.5335797365470852	0.0	342528	0.7195849682361734	0.8597924841180867	0.19166316330343797
C076-T198	C081-T199	5	1	1501	0.5102619347907325	0.0	342528	0.7335896627428998	0.86679483137145	0.22912579409566516
C076-T198	C081-T199	5	2	1502	0.5082153867713004	0.0	342528	0.7544229960762332	0.8772114980381166	0.2525778914424514
C076-T198	C081-T199	5	3	1503	0.5203837350523169	0.0	342528	0.7596342488789237	0.8798171244394619	0.2460528774289985
C076-T198	C081-T199	5	4	1504	0.46385113041853515	0.0	342528	0.74253783632287	0.8712689181614349	0.28475336322869954
C076-T198	C081-T199	10	0	2000	0.5498441003363229	0.0	342528	0.7744622337443946	0.8872311168721974	0.2295461976831091
C076-T198	C081-T199	10	1	2001	0.46968714966367714	0.0	342528	0.7397205483931241	0.869860274196562	0.2757497197309417
C076-T198	C081-T199	10	2	2002	0.4984701980568012	0.0	342528	0.7355223514573991	0.8677611757286996	0.24272176289237668
C076-T198	C081-T199	10	3	2003	0.505871052877429	0.0	342528	0.7419685397982063	0.8709842698991032	0.24092628923766815
C076-T198	C081-T199	10	4	2004	0.5068052830717489	0.0	342528	0.763753620142003	0.8818768100710015	0.2640776812406577
