source	row_id	kind	k	credit_carried	credit_background	mean_cardinality	het_frac	mean_switches_per_window	frac_cells_gt1
sim	sim_ind0002		13	0.3561042547225952	0.3043927848339081	7.97767578125	0.9053515625	5.02	0.0
sim	sim_ind0004		9	0.38072049617767334	0.30554425716400146	8.0096484375	0.8990625	5.02	0.0
sim	sim_ind0007		2	0.6416894197463989	0.30674803256988525	8.0318359375	0.5490625	5.23	0.0
sim	sim_ind0013		15	0.3495689928531647	0.30965715646743774	8.03044921875	0.9328125	4.83	0.0
sim	sim_ind0014		24	0.3347664773464203		8.03439453125	0.96765625	4.8	0.0
sim	sim_ind0015		18	0.34300562739372253	0.3079427182674408	8.0217578125	0.94181640625	4.77	0.0
sim	sim_ind0018		14	0.35475587844848633	0.30952149629592896	8.061796875	0.9261328125	4.87	0.0
sim	sim_ind0023		2	0.6374609470367432	0.3050088584423065	7.9851171875	0.4690625	4.9	0.0
sim	sim_ind0027		2	0.6341601610183716	0.3093820810317993	8.0747265625	0.45076171875	4.96	0.0
sim	sim_ind0033		21	0.33801618218421936	0.30883464217185974	8.02484375	0.96248046875	4.78	0.0
sim	sim_ind0043		4	0.4703027606010437	0.3045419752597809	7.97205078125	0.75392578125	5.04	0.0
sim	sim_ind0045		17	0.3459179401397705	0.30474892258644104	8.01384765625	0.92923828125	4.95	0.0
sim	sim_ind0047		16	0.3465869128704071	0.3096557557582855	8.02263671875	0.9462890625	5.3	0.0
sim	sim_ind0053		24	0.33460044860839844		8.03041015625	0.9751171875	5.1	0.0
sim	sim_ind0060		21	0.3417569100856781	0.3021874725818634	8.08345703125	0.94828125	5.11	0.0
sim	sim_ind0063		10	0.37818557024002075	0.3051353096961975	8.05375	0.89912109375	5.22	0.0
sim	sim_ind0067		18	0.34331706166267395	0.3080533742904663	8.02802734375	0.9288671875	5.2	0.0
sim	sim_ind0071		9	0.3801366984844208	0.3057226240634918	8.0070703125	0.87791015625	5.19	0.0
sim	sim_ind0074		18	0.34435656666755676	0.31150713562965393	8.0674609375	0.9444921875	4.85	0.0
sim	sim_ind0075		22	0.3348064720630646	0.3040527105331421	7.97384765625	0.972734375	4.89	0.0
sim	sim_ind0081		15	0.34993359446525574	0.3095225691795349	8.03470703125	0.9290625	5.32	0.0
sim	sim_ind0084		18	0.3421419560909271	0.3077148497104645	8.00484375	0.968359375	4.92	0.0
sim	sim_ind0099		21	0.33602213859558105	0.3040364682674408	7.96857421875	0.96615234375	4.73	0.0
sim	sim_ind0104		20	0.3382851481437683	0.2998388409614563	7.96505859375	0.96298828125	5.14	0.0
sim	sim_ind0112		21	0.3356408178806305	0.3047330677509308	7.96265625	0.94169921875	5.11	0.0
sim	sim_ind0116		18	0.3430023789405823	0.3036588728427887	7.99599609375	0.94333984375	4.91	0.0
sim	sim_ind0117		7	0.4011048972606659	0.3038683235645294	7.97349609375	0.81919921875	5.02	0.0
sim	sim_ind0129		8	0.3860180675983429	0.30717039108276367	8.00287109375	0.87314453125	5.08	0.0
sim	sim_ind0137		10	0.3717324137687683	0.3087514042854309	8.03984375	0.9149609375	4.85	0.0
sim	sim_ind0141		16	0.3503186106681824	0.3097558617591858	8.08314453125	0.93353515625	5.05	0.0
sim	sim_ind0146		12	0.3569091558456421	0.3049560487270355	7.9423828125	0.91875	4.98	0.0
sim	sim_ind0147		23	0.3329084515571594	0.3177148401737213	7.974609375	0.94765625	4.88	0.0
sim	sim_ind0180		24	0.33463621139526367		8.03126953125	0.9590234375	4.79	0.0
sim	sim_ind0183		24	0.3351602852344513		8.04384765625	0.96509765625	5.0	0.0
sim	sim_ind0185		2	0.6334667801856995	0.30676403641700745	8.0157421875	0.47533203125	4.91	0.0
sim	sim_ind0186		4	0.47282227873802185	0.3089209198951721	8.06970703125	0.76333984375	4.96	0.0
sim	sim_ind0203		7	0.399737685918808	0.3047277331352234	7.97853515625	0.87939453125	4.87	0.0
sim	sim_ind0211		14	0.3570493757724762	0.31026366353034973	8.101328125	0.94474609375	4.8	0.0
sim	sim_ind0216		17	0.3465900719165802	0.3055998980998993	8.03123046875	0.94826171875	4.96	0.0
sim	sim_ind0218		20	0.3418242037296295	0.3030664026737213	8.04875	0.96162109375	4.96	0.0
sim	sim_ind0222		13	0.35435548424720764	0.3095329999923706	8.011484375	0.92626953125	4.96	0.0
sim	sim_ind0224		23	0.3366678059101105	0.29929688572883606	8.04265625	0.9716015625	5.2	0.0
sim	sim_ind0227		2	0.639404296875	0.30820223689079285	8.0592578125	0.47935546875	4.74	0.0
sim	sim_ind0235		3	0.5190624594688416	0.3059096038341522	7.9812890625	0.703671875	4.95	0.0
sim	sim_ind0247		14	0.35486048460006714	0.3070644736289978	8.03869140625	0.91833984375	5.24	0.0
sim	sim_ind0251		7	0.4019308090209961	0.3095381557941437	8.0756640625	0.85564453125	4.67	0.0
sim	sim_ind0270		12	0.362408846616745	0.31050291657447815	8.07494140625	0.91419921875	5.22	0.0
sim	sim_ind0273		20	0.3411914110183716	0.3040087819099426	8.03986328125	0.95181640625	5.09	0.0
sim	sim_ind0277		24	0.33522215485572815		8.04533203125	0.97361328125	5.24	0.0
sim	sim_ind0284		2	0.6342383027076721	0.30594727396965027	7.99931640625	0.5094140625	5.19	0.0
sim	sim_ind0285		21	0.3410249352455139	0.30611327290534973	8.07986328125	0.935546875	4.76	0.0
sim	sim_ind0292		23	0.3342374265193939	0.3147656321525574	8.0022265625	0.95849609375	4.88	0.0
sim	sim_ind0300		4	0.4743359386920929	0.30558788776397705	8.0091015625	0.75005859375	5.17	0.0
sim	sim_ind0305		3	0.5256249904632568	0.3087323307991028	8.06025390625	0.6476953125	5.02	0.0
sim	sim_ind0314		20	0.339846670627594	0.3015087842941284	8.00296875	0.9390625	5.0	0.0
sim	sim_ind0325		13	0.35539963841438293	0.30615234375	7.98787109375	0.94033203125	4.93	0.0
sim	sim_ind0326		13	0.3565354347229004	0.3062765896320343	8.00400390625	0.92953125	4.75	0.0
sim	sim_ind0333		8	0.39142823219299316	0.3089575171470642	8.07474609375	0.888984375	5.13	0.0
sim	sim_ind0336		16	0.34681394696235657	0.30592530965805054	7.99642578125	0.95671875	4.77	0.0
sim	sim_ind0339		13	0.35854417085647583	0.30856359004974365	8.0552734375	0.9384765625	5.24	0.0
sim	sim_ind0342		15	0.34892967343330383	0.3083289861679077	8.00890625	0.9100390625	4.74	0.0
sim	sim_ind0348		8	0.3866211175918579	0.30680662393569946	8.001875	0.8684765625	4.8	0.0
sim	sim_ind0355		24	0.33201006054878235		7.9682421875	0.95244140625	5.09	0.0
sim	sim_ind0357		23	0.33478686213493347	0.30617186427116394	8.00626953125	0.94453125	5.1	0.0
sim	sim_ind0361		21	0.33999255299568176	0.31471356749534607	8.083984375	0.95548828125	5.07	0.0
sim	sim_ind0366		4	0.47489747405052185	0.3071806728839874	8.043203125	0.731640625	4.88	0.0
sim	sim_ind0369		18	0.3447894752025604	0.3080175817012787	8.05431640625	0.957890625	4.89	0.0
sim	sim_ind0372		17	0.3451792299747467	0.31202009320259094	8.0521875	0.9483203125	4.94	0.0
sim	sim_ind0383		14	0.354248046875	0.3077167868614197	8.036640625	0.93638671875	5.24	0.0
sim	sim_ind0387		4	0.46596193313598633	0.3088632822036743	8.04111328125	0.76052734375	4.82	0.0
sim	sim_ind0392		12	0.3618440628051758	0.302996426820755	7.9780859375	0.9164453125	5.29	0.0
sim	sim_ind0393		2	0.6282031536102295	0.30869758129119873	8.04775390625	0.5334375	4.95	0.0
sim	sim_ind0402		20	0.3423212766647339	0.3076171875	8.07689453125	0.96826171875	4.99	0.0
sim	sim_ind0403		6	0.41993165016174316	0.3061317503452301	8.0299609375	0.867109375	5.16	0.0
sim	sim_ind0404		10	0.367976576089859	0.30954378843307495	8.01337890625	0.8941796875	4.96	0.0
sim	sim_ind0405		17	0.3443359434604645	0.3067326843738556	8.00083984375	0.9465625	4.96	0.0
sim	sim_ind0409		15	0.35191142559051514	0.30429255962371826	8.0173046875	0.93064453125	5.09	0.0
sim	sim_ind0410		23	0.33596891164779663	0.3065820336341858	8.0338671875	0.96744140625	4.84	0.0
sim	sim_ind0411		15	0.3526679277420044	0.30401691794395447	8.026171875	0.91408203125	5.22	0.0
sim	sim_ind0416		13	0.35664212703704834	0.30611681938171387	8.0036328125	0.93638671875	5.01	0.0
sim	sim_ind0424		23	0.3357659578323364	0.3100000023841858	8.0326171875	0.96013671875	4.98	0.0
sim	sim_ind0441		23	0.33455419540405273	0.3090234398841858	8.00376953125	0.948046875	4.99	0.0
sim	sim_ind0444		15	0.35131508111953735	0.3045095205307007	8.0103125	0.94876953125	4.92	0.0
sim	sim_ind0445		3	0.5284700393676758	0.30585935711860657	8.00845703125	0.6831640625	4.96	0.0
sim	sim_ind0447		3	0.5263085961341858	0.3102585971355438	8.09435546875	0.69099609375	4.87	0.0
sim	sim_ind0449		21	0.3366573750972748	0.30682289600372314	7.9902734375	0.94421875	4.97	0.0
sim	sim_ind0452		24	0.334515780210495		8.02837890625	0.959140625	4.97	0.0
sim	sim_ind0457		17	0.34487593173980713	0.30417966842651367	7.9921484375	0.96005859375	5.0	0.0
sim	sim_ind0458		10	0.3754609227180481	0.30386999249458313	8.0087890625	0.902265625	4.88	0.0
sim	sim_ind0467		20	0.33973926305770874	0.3074414134025574	8.02455078125	0.9425	4.72	0.0
sim	sim_ind0474		18	0.3432193994522095	0.3084309995174408	8.02853515625	0.943359375	4.8	0.0
sim	sim_ind0479		24	0.33572185039520264		8.05732421875	0.9644921875	5.0	0.0
sim	sim_ind0493		17	0.34304341673851013	0.3065764605998993	7.9777734375	0.92453125	5.07	0.0
sim	sim_ind0501		10	0.3700468838214874	0.3082630932331085	8.01615234375	0.90505859375	5.16	0.0
sim	sim_ind0504		17	0.34552162885665894	0.3074358105659485	8.02591796875	0.93798828125	4.77	0.0
sim	sim_ind0510		2	0.63134765625	0.3047292232513428	7.96673828125	0.5064453125	5.09	0.0
sim	sim_ind0511		11	0.36347654461860657	0.3037620186805725	7.9471484375	0.91763671875	5.09	0.0
sim	sim_ind0514		24	0.334465354681015		8.02716796875	0.954765625	5.24	0.0
sim	sim_ind0516		20	0.3374599516391754	0.3098388910293579	7.9885546875	0.9565234375	5.01	0.0
sim	sim_ind0522		17	0.3447495400905609	0.3018275797367096	7.97353515625	0.93216796875	5.09	0.0
sim	sim_ind0523		9	0.3806554079055786	0.3062734305858612	8.02	0.88580078125	5.06	0.0
sim	sim_ind0525		20	0.34016114473342896	0.30896973609924316	8.0391015625	0.95013671875	4.98	0.0
sim	sim_ind0526		18	0.3447536826133728	0.3047298192977905	8.0339453125	0.95712890625	5.09	0.0
sim	sim_ind0538		6	0.412285178899765	0.3070051968097687	7.9998046875	0.81623046875	5.02	0.0
sim	sim_ind0548		8	0.38746583461761475	0.3067907691001892	8.00837890625	0.8666015625	4.84	0.0
sim	sim_ind0552		3	0.5290104150772095	0.30423733592033386	7.976015625	0.67658203125	5.19	0.0
sim	sim_ind0558		17	0.34635570645332336	0.3092047870159149	8.05248046875	0.93380859375	4.85	0.0
sim	sim_ind0559		24	0.3349267542362213		8.0382421875	0.95896484375	4.93	0.0
sim	sim_ind0567		12	0.3624154031276703	0.3085139989852905	8.05115234375	0.8919921875	4.86	0.0
sim	sim_ind0577		15	0.3479609489440918	0.3024609386920929	7.9415625	0.93349609375	4.75	0.0
sim	sim_ind0588		16	0.3478906452655792	0.30458498001098633	8.0029296875	0.94892578125	5.06	0.0
sim	sim_ind0591		15	0.34761589765548706	0.3070681393146515	7.9778515625	0.92146484375	5.12	0.0
sim	sim_ind0592		24	0.33541426062583923		8.04994140625	0.959453125	4.91	0.0
sim	sim_ind0593		4	0.46727049350738525	0.3078290820121765	8.0256640625	0.7159765625	5.06	0.0
sim	sim_ind0595		23	0.33440130949020386	0.2938281297683716	7.98505859375	0.952265625	4.99	0.0
sim	sim_ind0597		17	0.348713219165802	0.30841517448425293	8.08703125	0.91240234375	4.99	0.0
sim	sim_ind0605		2	0.6412793397903442	0.3067835569381714	8.031796875	0.50044921875	4.96	0.0
sim	sim_ind0607		18	0.34443145990371704	0.30865558981895447	8.05169921875	0.93259765625	5.12	0.0
sim	sim_ind0610		4	0.4685351550579071	0.3044492304325104	7.963125	0.71638671875	4.8	0.0
sim	sim_ind0626		20	0.3410927653312683	0.3103711009025574	8.06333984375	0.94859375	5.04	0.0
sim	sim_ind0628		16	0.34846067428588867	0.3089672923088074	8.047109375	0.9295703125	5.24	0.0
sim	sim_ind0634		6	0.4152766764163971	0.30655166506767273	8.00958984375	0.82736328125	4.71	0.0
sim	sim_ind0636		24	0.33565428853034973		8.055703125	0.953671875	4.94	0.0
sim	sim_ind0639		21	0.3348921239376068	0.3096224069595337	7.9616015625	0.9496875	4.9	0.0
sim	sim_ind0646		23	0.33659642934799194	0.3082031309604645	8.049921875	0.97658203125	5.36	0.0
sim	sim_ind0650		6	0.41663411259651184	0.3054090738296509	7.99716796875	0.80912109375	4.89	0.0
sim	sim_ind0656		7	0.4030859172344208	0.30851563811302185	8.0663671875	0.88455078125	5.01	0.0
sim	sim_ind0658		16	0.3491503894329071	0.30574464797973633	8.03236328125	0.94767578125	4.81	0.0
sim	sim_ind0670		16	0.34499022364616394	0.30220213532447815	7.9374609375	0.94716796875	5.13	0.0
sim	sim_ind0676		17	0.3455365300178528	0.3055775463581085	8.0131640625	0.9284765625	4.94	0.0
sim	sim_ind0681		2	0.6296777725219727	0.30782490968704224	8.03150390625	0.51892578125	5.14	0.0
sim	sim_ind0688		19	0.34392479062080383	0.30430468916893005	8.05609375	0.96078125	5.08	0.0
sim	sim_ind0692		16	0.3504394292831421	0.3020703196525574	8.02359375	0.93248046875	4.9	0.0
sim	sim_ind0703		5	0.4427265524864197	0.30689042806625366	8.04455078125	0.79990234375	5.32	0.0
sim	sim_ind0704		10	0.3744433522224426	0.3064369559288025	8.03455078125	0.9266015625	4.84	0.0
sim	sim_ind0708		22	0.3397585153579712	0.3067285418510437	8.08814453125	0.96095703125	4.91	0.0
sim	sim_ind0709		5	0.44582420587539673	0.3097018599510193	8.11345703125	0.79224609375	4.91	0.0
sim	sim_ind0713		18	0.3445822298526764	0.30975914001464844	8.06103515625	0.96162109375	4.72	0.0
sim	sim_ind0714		11	0.3663298785686493	0.30651143193244934	8.01427734375	0.92595703125	5.09	0.0
sim	sim_ind0716		8	0.3903442323207855	0.3104943633079529	8.0906640625	0.89849609375	5.06	0.0
sim	sim_ind0719		7	0.3985714614391327	0.3084765672683716	8.0341015625	0.883203125	4.77	0.0
sim	sim_ind0720		21	0.33674758672714233	0.3052734136581421	7.98751953125	0.92787109375	4.77	0.0
sim	sim_ind0723		15	0.3525846600532532	0.3074479103088379	8.05580078125	0.92478515625	5.32	0.0
sim	sim_ind0728		7	0.40230751037597656	0.3086753189563751	8.0636328125	0.840390625	5.14	0.0
sim	sim_ind0729		3	0.52608722448349	0.3078310787677765	8.04271484375	0.67330078125	5.28	0.0
sim	sim_ind0734		12	0.3621826171875	0.3062695264816284	8.02142578125	0.916171875	4.99	0.0
sim	sim_ind0741		12	0.36092445254325867	0.30616211891174316	8.0050390625	0.91220703125	5.17	0.0
sim	sim_ind0749		16	0.34818601608276367	0.3093017637729645	8.045390625	0.9401171875	4.96	0.0
sim	sim_ind0757		13	0.3579086661338806	0.306221604347229	8.02125	0.92568359375	4.9	0.0
sim	sim_ind0760		22	0.3369753658771515	0.3126757740974426	8.03880859375	0.9640625	4.88	0.0
sim	sim_ind0766		5	0.4369218945503235	0.30583569407463074	7.99548828125	0.816171875	4.86	0.0
sim	sim_ind0779		17	0.3457559645175934	0.30393412709236145	8.005390625	0.93326171875	4.95	0.0
sim	sim_ind0785		17	0.3451160192489624	0.30807754397392273	8.023515625	0.95736328125	4.89	0.0
sim	sim_ind0791		6	0.41698887944221497	0.30544596910476685	7.9999609375	0.82177734375	5.14	0.0
sim	sim_ind0794		23	0.33476561307907104	0.3038281202316284	8.0034375	0.956796875	5.1	0.0
sim	sim_ind0802		9	0.38211584091186523	0.304937481880188	8.01310546875	0.8842578125	5.12	0.0
sim	sim_ind0816		13	0.36016830801963806	0.30889737606048584	8.08005859375	0.92443359375	5.18	0.0
sim	sim_ind0818		23	0.33586445450782776	0.30591797828674316	8.03080078125	0.94833984375	5.04	0.0
sim	sim_ind0819		15	0.35448047518730164	0.3101150095462799	8.1082421875	0.9235546875	5.03	0.0
sim	sim_ind0820		19	0.3415326476097107	0.3085976541042328	8.032109375	0.96822265625	4.69	0.0
sim	sim_ind0822		16	0.34843504428863525	0.30509278178215027	8.015703125	0.92908203125	4.92	0.0
sim	sim_ind0826		14	0.3525906503200531	0.3073808550834656	8.010078125	0.9266015625	4.97	0.0
sim	sim_ind0830		12	0.3599625527858734	0.30621254444122314	7.9941015625	0.9183984375	5.16	0.0
sim	sim_ind0835		22	0.3408043384552002	0.3044824004173279	8.10666015625	0.96037109375	4.92	0.0
sim	sim_ind0839		10	0.36827537417411804	0.30448800325393677	7.9455859375	0.924375	5.11	0.0
sim	sim_ind0851		14	0.35412248969078064	0.30531448125839233	8.010859375	0.9323046875	5.09	0.0
sim	sim_ind0853		17	0.34284237027168274	0.30517578125	7.96455078125	0.94642578125	4.92	0.0
sim	sim_ind0856		21	0.3381101191043854	0.3059895932674408	8.01828125	0.9459765625	5.2	0.0
sim	sim_ind0858		8	0.3860180974006653	0.30838990211486816	8.0223828125	0.8794921875	5.0	0.0
sim	sim_ind0870		20	0.33934372663497925	0.30667969584465027	8.01359375	0.9563671875	4.79	0.0
sim	sim_ind0875		8	0.39019775390625	0.30943605303764343	8.07255859375	0.87123046875	4.79	0.0
sim	sim_ind0881		18	0.3427983820438385	0.31032225489616394	8.0323046875	0.9462890625	4.92	0.0
sim	sim_ind0885		24	0.3347574770450592		8.0341796875	0.96908203125	5.23	0.0
sim	sim_ind0888		8	0.3874267339706421	0.3094738721847534	8.05099609375	0.83421875	4.6	0.0
sim	sim_ind0898		9	0.38268226385116577	0.30884113907814026	8.0767578125	0.88615234375	4.94	0.0
sim	sim_ind0900		12	0.3612646162509918	0.3112662732601166	8.07037109375	0.9221484375	5.17	0.0
sim	sim_ind0901		18	0.34499022364616394	0.3053515553474426	8.04193359375	0.94099609375	5.0	0.0
sim	sim_ind0903		21	0.3378209173679352	0.3104882836341858	8.025703125	0.9478515625	4.82	0.0
sim	sim_ind0904		6	0.4123307168483734	0.30610135197639465	7.98380859375	0.8537890625	4.98	0.0
sim	sim_ind0905		17	0.34585362672805786	0.3075864911079407	8.0326171875	0.93859375	5.07	0.0
sim	sim_ind0909		15	0.3472174406051636	0.3069618046283722	7.97091796875	0.913515625	5.1	0.0
sim	sim_ind0910		15	0.3493698537349701	0.3046354055404663	7.982265625	0.9153125	4.79	0.0
sim	sim_ind0919		22	0.3372834026813507	0.2995019555091858	8.01923828125	0.938203125	4.86	0.0
sim	sim_ind0930		6	0.41498374938964844	0.3043121099472046	7.96751953125	0.80908203125	4.83	0.0
sim	sim_ind0931		15	0.35055989027023315	0.3079513907432556	8.0299609375	0.95802734375	4.76	0.0
sim	sim_ind0934		11	0.36730292439460754	0.3037649989128113	7.98927734375	0.892734375	5.21	0.0
sim	sim_ind0941		6	0.4160645008087158	0.30725154280662537	8.0269140625	0.81783203125	4.71	0.0
sim	sim_ind0943		3	0.530846357345581	0.30603885650634766	8.01935546875	0.65380859375	5.06	0.0
sim	sim_ind0949		3	0.5245247483253479	0.3100743889808655	8.08513671875	0.69009765625	5.18	0.0
sim	sim_ind0950		19	0.3424321711063385	0.3080976605415344	8.04669921875	0.95087890625	5.09	0.0
sim	sim_ind0951		19	0.34046974778175354	0.30555468797683716	7.99669921875	0.94880859375	5.08	0.0
sim	sim_ind0952		18	0.34278324246406555	0.30533531308174133	8.002109375	0.93349609375	5.1	0.0
sim	sim_ind0956		12	0.35908201336860657	0.3073307275772095	7.996953125	0.90525390625	5.03	0.0
sim	sim_ind0963		15	0.3523580729961395	0.31078994274139404	8.08248046875	0.9412109375	4.88	0.0
sim	sim_ind0968		16	0.3477123975753784	0.30866944789886475	8.03275390625	0.96111328125	4.98	0.0
sim	sim_ind0971		17	0.34564337134361267	0.30925223231315613	8.040703125	0.95984375	4.91	0.0
sim	sim_ind0972		15	0.3484804928302765	0.3069747984409332	7.98998046875	0.9228125	5.07	0.0
sim	sim_ind0975		10	0.37223243713378906	0.31001535058021545	8.0625390625	0.90654296875	4.93	0.0
sim	sim_ind0980		13	0.35865533351898193	0.3071662187576294	8.04134765625	0.9153125	5.07	0.0
sim	sim_ind0995		24	0.3345092833042145		8.02822265625	0.9705859375	5.32	0.0
real	IDX-INBRED__Oh43__0.1x	inbred	1	0.9878723621368408	0.36572521924972534	9.399552020611393			0.013967316441832639
real	IDX-INBRED__Il14H__0.1x	inbred	1	0.9882220029830933	0.3200703561306	8.349840066234828			0.012635968015678494
real	IDX-HYB__Oh43xIl14H__0.1x	hybrid	2	0.6723008751869202	0.33988821506500244	8.822141759535846			0.010159959980085785
