dataset_id	class	kind	individual	coverage	row_key	snprc_compared_sites	snprc_error_rate	snprc_partial_error_rate	snprc_class_total_HOMREF	snprc_class_mismatch_HOMREF	snprc_class_total_SNP	snprc_class_mismatch_SNP	error_rate	partial_error_rate	compared_sites	published_error_rate	published_partial_error_rate	published_compared_sites	regression_match	pairclass_HOMREF_HOMREF	pairclass_HOMREF_SNP	pairclass_HOMREF_INS	pairclass_HOMREF_DEL	pairclass_HOMREF_HET_MIXED	pairclass_SNP_HOMREF	pairclass_SNP_SNP	pairclass_SNP_INS	pairclass_SNP_DEL	pairclass_SNP_HET_MIXED	pairclass_INS_HOMREF	pairclass_INS_SNP	pairclass_INS_INS	pairclass_INS_DEL	pairclass_INS_HET_MIXED	pairclass_DEL_HOMREF	pairclass_DEL_SNP	pairclass_DEL_INS	pairclass_DEL_DEL	pairclass_DEL_HET_MIXED	pairclass_HET_MIXED_HOMREF	pairclass_HET_MIXED_SNP	pairclass_HET_MIXED_INS	pairclass_HET_MIXED_DEL	pairclass_HET_MIXED_HET_MIXED	imputed_missing_gt	excluded_no_info	wall_seconds	status
IDX-HYB	indexed	hybrid	B73xCML103	0.1	IDX-HYB__B73xCML103__0.1x	94248763	0.028493572907688947	0.014246924386689286	71200359	73654	23048404	2611830	0.0729844835957576	0.036492485136438324	158215780	0.0729844835957576	0.036492485136438324	158215780	MATCH	71126705	73654	4441	106917	2	1763697	21284707	2022	14426	204025	13671	542	224596	178	3967	5455975	39573	1516	57679846	215320	0	0	0	0	0	729349	1635485	2129.86	ok
IDX-HYB	indexed	hybrid	B73xOh43	0.1	IDX-HYB__B73xOh43__0.1x	99304087	0.03125765609224118	0.01562883811619964	78099097	50107	21204990	3053906	0.08258384788065043	0.04129193027237743	157926681	0.08258384788065043	0.04129193027237743	157926681	MATCH	78048990	50107	1770	122147	0	2073001	19131989	406	58307	146261	15365	77	199289	730	2643	6535407	48875	1064	51357560	132693	0	0	0	0	0	703547	1950386	2135.66	ok
IDX-HYB	indexed	hybrid	B97xCML103	0.1	IDX-HYB__B97xCML103__0.1x	70617998	0.028780694122764516	0.014390368302426237	45652511	52778	24965487	1979657	0.0551035966457184	0.02755809728960712	157089256	0.0551035966457184	0.02755809728960712	157089256	MATCH	45599733	52778	1055	63310	0	1437129	23528358	275	23986	79665	9494	161	210697	217	2047	3440278	51342	1559	69026628	207726	547	815535	8942	687736	11840058	705144	2786214	2297.87	ok
IDX-HYB	indexed	hybrid	Il14HxB97	0.1	IDX-HYB__Il14HxB97__0.1x	69832813	0.04015752594700717	0.02007876297350364	44743610	63036	25089203	2741277	0.07806520107806658	0.03903261013759218	156273459	0.07806520107806658	0.03903261013759218	156273459	MATCH	44680574	63036	2957	88359	0	1890127	23199076	249	24560	85734	11932	279	203381	218	2208	4972102	64288	1007	67996391	322311	0	1110010	10427	899335	10644898	1043746	3263409	2319.29	ok
IDX-HYB	indexed	hybrid	Oh43xIl14H	0.1	IDX-HYB__Oh43xIl14H__0.1x	70064231	0.041433081596228494	0.020717604108150378	44881691	53012	25182540	2849965	0.07313754477250478	0.03657126353178097	156353772	0.07313754477250478	0.03657126353178097	156353772	MATCH	44828679	53012	7030	51332	1	1995223	23187317	820	21098	97279	12250	95	205348	167	2077	4718521	33030	1782	68603124	214578	32	878634	8192	680798	10753353	954891	3271951	2318.33	ok
IDX-INBRED	indexed	inbred	B73	0.1	IDX-INBRED__B73__0.1x	160506060	3.42666189645513e-07	3.42666189645513e-07	160506060	55	0	0	3.42666189645513e-07	3.42666189645513e-07	160506060	3.42666189645513e-07	3.42666189645513e-07	160506060	MATCH	160506005	55	0	0	0	0	0	0	0	0	0	0	0	0	0	0	0	0	0	0	0	0	0	0	0	74554	0	1949.74	ok_cached
IDX-INBRED	indexed	inbred	B97	0.1	IDX-INBRED__B97__0.1x	100564535	0.0	0.0	78906720	0	21657815	0	1.1961197776688692e-07	1.1961197776688692e-07	158846968	1.1961197776688692e-07	1.1961197776688692e-07	158846968	MATCH	78906720	0	0	0	0	0	21657815	0	0	0	0	0	224919	0	0	19	0	0	58057495	0	0	0	0	0	0	108969	1624677	2316.79	ok
IDX-INBRED	indexed	inbred	CML103	0.1	IDX-INBRED__CML103__0.1x	94909668	0.0	0.0	71503243	0	23406425	0	1.447725903602759e-07	1.447725903602759e-07	158869852	1.447725903602759e-07	1.447725903602759e-07	158869852	MATCH	71503243	0	0	0	0	0	23406425	0	0	0	0	0	244417	0	0	23	0	0	63715744	0	0	0	0	0	0	75277	1635485	2361.85	ok
IDX-INBRED	indexed	inbred	Il14H	0.1	IDX-INBRED__Il14H__0.1x	95127733	0.0	0.0	71929080	0	23198653	0	4.69394699065262e-06	4.69394699065262e-06	158502003	4.69394699065262e-06	4.69394699065262e-06	158502003	MATCH	71929080	0	0	0	0	0	23198653	0	0	0	0	0	221758	0	0	28	0	716	63151768	0	0	0	0	0	0	78773	1999838	2330.77	ok
IDX-INBRED	indexed	inbred	Oh43	0.1	IDX-INBRED__Oh43__0.1x	99875807	5.5769261518845425e-06	5.5769261518845425e-06	78349658	280	21526149	277	4.6548538166213405e-06	4.6548538166213405e-06	158544184	4.6548538166213405e-06	4.6548538166213405e-06	158544184	MATCH	78349378	280	1	27	0	267	21525882	2	103	0	2	0	219341	0	0	33	13	0	58448855	0	0	0	0	0	0	86044	1950386	2324.87	ok
IDX-RIL	indexed	ril	B73xCML103	0.1	IDX-RIL__B73xCML103__0.1x	103456958	0.029760405288545178	0.014880207477200313	84586959	535112	18869999	2543809	0.07925861265556233	0.03962932213241099	158181497	0.07925861265556233	0.03962932213241099	158181497	MATCH	84051847	535112	19121	837139	0	1234903	17635096	543	3064	475938	11276	57	179373	36	11495	3817015	21708	904	48468928	877942	0	0	0	0	0	1264090	1135027	2146.95	ok
IDX-RIL	indexed	ril	B73xOh43	0.1	IDX-RIL__B73xOh43__0.1x	111810689	0.027353368692683788	0.013681151718866524	96172470	482484	15638219	2575915	0.07437480558985188	0.037235477315180066	157547074	0.07437480558985188	0.037235477315180066	157547074	MATCH	95689986	482484	10754	769438	0	1302835	14335384	468	44120	568805	12882	131	145492	689	9211	4400056	23938	871	39367250	382280	0	0	0	0	0	1432593	1600947	2118.64	ok
IDX-RIL	indexed	ril	B97xCML103	0.1	IDX-RIL__B97xCML103__0.1x	80611445	0.03541245290913719	0.017712286388117726	57872393	590246	22739052	2264403	0.07875330432328631	0.03942491098987411	156955738	0.07875330432328631	0.03942491098987411	156955738	MATCH	57282147	590246	23002	1041210	0	810355	21928697	251	9741	1311844	6191	47	203610	44	24753	2284365	18313	364	63601518	1237518	1	500385	5524	465243	5610369	1551479	2073397	2318.5	ok
IDX-RIL	indexed	ril	Il14HxB97	0.1	IDX-RIL__Il14HxB97__0.1x	82305638	0.03854166102205536	0.019299813944702038	59852156	530306	22453482	2641890	0.07934920242284393	0.039719237463389234	156330330	0.07934920242284393	0.039719237463389234	156330330	MATCH	59321850	530306	22271	840170	625	1122286	21331196	560	16363	1120170	8135	107	190794	110	18718	2575960	20779	209	62111905	1027029	1	760582	7304	502060	4800840	1738707	2511577	2303.98	ok
IDX-RIL	indexed	ril	Oh43xIl14H	0.1	IDX-RIL__Oh43xIl14H__0.1x	80770324	0.03851400917990622	0.019259876932027686	58414693	431233	22355631	2679556	0.07921952699604107	0.039618025029155235	155903304	0.07921952699604107	0.039618025029155235	155903304	MATCH	57983460	431233	10561	585806	2	1237752	21117879	250	15599	981193	7720	97	187984	87	18130	3078770	32396	603	62319274	978545	3	723451	8256	567457	5616796	1887811	2789499	2338.1	ok
MIX-HYB	mixed	hybrid	B73xTx303	0.1	MIX-HYB__B73xTx303__0.1x	90106146	0.1322141666118979	0.06643165606039791	71297590	1327874	18808556	10585435	0.3379043515254573	0.16969701261267156	156543678	0.3379043515254573	0.16969701261267156	156543678	MATCH	69969716	1327874	43010	1967535	24264	9529219	9279337	35800	955411	112535	117528	19046	78588	16289	2543	33401188	1746737	156718	27377571	382769	0	0	0	0	0	2105894	1931042	2156.88	ok
MIX-HYB	mixed	hybrid	B97xCML459	0.1	MIX-HYB__B97xCML459__0.1x	63453270	0.15011317777633837	0.07519923717091337	42194671	794700	21258599	8730472	0.3110102902801415	0.15611084208181558	154844764	0.3110102902801415	0.15611084208181558	154844764	MATCH	41399971	794700	28612	814671	3481	5101336	16157263	11209	355651	785220	61416	6302	127889	6206	14627	17176864	958469	89222	56670246	2162555	13711	3907078	48074	2960977	5189014	2128829	3607021	2324.67	ok
MIX-HYB	mixed	hybrid	CML103xIa453	0.1	MIX-HYB__CML103xIa453__0.1x	61128018	0.12541671153152711	0.0627763605880367	38571994	751341	22556024	6915134	0.2378643917202079	0.11947826364528558	152439866	0.2378643917202079	0.11947826364528558	152439866	MATCH	37820653	751341	25980	800986	665	4251382	18304642	11238	410246	690081	43531	9512	144182	6262	12059	10472929	917675	86883	61569149	2403928	23459	2806496	35601	2869428	7971558	1916582	6224166	2262.02	ok
MIX-HYB	mixed	hybrid	Il14HxEP1	0.1	MIX-HYB__Il14HxEP1__0.1x	60960849	0.15146173571171884	0.07585980306803142	40478576	1052113	20482273	8181123	0.31278923140432235	0.1573884165656635	151571110	0.31278923140432235	0.1573884165656635	151571110	MATCH	39426463	1052113	33573	1277519	8051	4584283	15897990	8362	510559	1073705	59895	8610	111507	9907	18604	14658920	1119144	67863	55968120	3347862	32064	3792987	45189	2999207	5458613	2459027	6550477	2310.13	ok
MIX-HYB	mixed	hybrid	Oh43xA188	0.1	MIX-HYB__Oh43xA188__0.1x	67950636	0.12947775794180938	0.06486694252574765	46680843	757428	21269793	8040668	0.2764368021511999	0.13943443858860738	154687251	0.2764368021511999	0.13943443858860738	154687251	MATCH	45923415	757428	37931	1037833	1581	4777006	16492787	10889	402229	792595	132657	9653	128472	9282	14133	13505309	923889	132664	56054893	2448178	31037	3131318	41707	2594787	5295578	2248491	3644872	2306.69	ok
MIX-RIL	mixed	ril	B73xTx303	0.1	MIX-RIL__B73xTx303__0.1x	103622448	0.0804955119377222	0.04367032517896119	89458668	1697902	14163780	6643240	0.23581078288315338	0.1294770846926503	156412805	0.23581078288315338	0.1294770846926503	156412805	MATCH	87760766	1697902	70657	2811064	157698	5214517	8949263	28861	827681	711631	66475	14773	73055	15062	14466	17434725	1459980	96145	27487638	1520446	0	0	0	0	0	2645547	1522262	2124.45	ok
MIX-RIL	mixed	ril	B97xCML459	0.1	MIX-RIL__B97xCML459__0.1x	76683226	0.09388294383963447	0.05125896763915483	57882511	1622974	18800715	5576273	0.22900354358433583	0.1288783921026625	155062487	0.22900354358433583	0.1288783921026625	155062487	MATCH	56259537	1622974	48993	2327648	194517	2765489	16035226	10930	709910	1576194	33994	10512	130903	14041	27559	8687284	1410149	58118	54734960	3160318	10384	1826871	25590	1387999	1992387	2909350	2608777	2324.43	ok
MIX-RIL	mixed	ril	CML103xIa453	0.1	MIX-RIL__CML103xIa453__0.1x	73731502	0.08842546025984932	0.04698659875394917	52987622	1213772	20743880	5305970	0.18898728151317823	0.10195958005262018	153184811	0.18898728151317823	0.10195958005262018	153184811	MATCH	51773850	1213772	57803	1706453	90367	2744422	17999458	8000	524792	1352209	30241	8172	151609	9236	25022	5941208	936795	62940	58821406	2704025	8974	1488329	21104	1617484	3887140	2359730	5036073	2251.99	ok
MIX-RIL	mixed	ril	Il14HxEP1	0.1	MIX-RIL__Il14HxEP1__0.1x	71540829	0.10782897134166558	0.05963438025019252	52042401	1764982	19498428	5949192	0.25106857301545626	0.14116333360142364	152374005	0.25106857301545626	0.14116333360142364	152374005	MATCH	50277419	1764982	59143	2341498	184397	2902763	16595665	15012	846794	1680403	42741	13430	125366	18862	28991	9336410	1547015	78366	55281266	3096820	18164	2187568	27948	1655906	2247076	2985405	5221204	2351.67	ok
MIX-RIL	mixed	ril	Oh43xA188	0.1	MIX-RIL__Oh43xA188__0.1x	77349025	0.0933851202390722	0.05084569585718757	57989396	1427107	19359629	5796141	0.21459777382043876	0.11925332399740063	154774038	0.21459777382043876	0.11925332399740063	154774038	MATCH	56562289	1427107	73150	2336317	128588	2910131	16449498	18102	626097	1181307	107106	14317	132671	18142	23280	7635050	1082231	156029	55350234	2872862	10750	1731924	23695	1323906	2579255	2831646	2974930	2397.65	ok
OUT-HYB	heldout	hybrid	A188xEP1	0.1	OUT-HYB__A188xEP1__0.1x	56553545	0.20785816344492636	0.10812693527876993	38290015	1798090	18263530	9957026	0.43624905603155195	0.2365780463996192	150383734	0.43624905603155195	0.2365780463996192	150383734	MATCH	36491925	1798090	61941	2188619	176358	6348288	11915242	32443	1264030	918145	134511	22679	73714	26726	17537	19937652	3447557	242927	48707119	5377999	408989	3584444	50302	4000522	3155975	3225794	6971086	2322.99	ok
OUT-HYB	heldout	hybrid	CML459xIa453	0.1	OUT-HYB__CML459xIa453__0.1x	56034588	0.20386581587786456	0.10458701864641173	36678781	1456269	19355807	9967268	0.41453915169517785	0.21934259453414617	150838539	0.41453915169517785	0.21934259453414617	150838539	MATCH	35222512	1456269	64341	1805865	103147	6329177	13026630	33140	1131024	980892	77136	13556	87995	17574	18251	19755949	2669642	127133	51665935	4385958	275490	3589925	65455	4106098	3829445	2918189	6823886	2310.75	ok
OUT-HYB	heldout	hybrid	EP1xIa453	0.1	OUT-HYB__EP1xIa453__0.1x	56596773	0.19323356121381696	0.10065197533435344	38289234	1690322	18307539	9246074	0.40586629543832387	0.21823939340569698	148336375	0.40586629543832387	0.21823939340569698	148336375	MATCH	36598912	1690322	64821	1969243	144454	5737178	12570361	24377	1197650	976737	73798	17442	80257	21017	17481	18163969	2768759	183548	49667308	4641605	370392	3597923	49238	4159191	3550392	2761834	9482405	2297.47	ok
OUT-HYB	heldout	hybrid	Tx303xA188	0.1	OUT-HYB__Tx303xA188__0.1x	61764705	0.18714889029260318	0.09716928948337078	42381894	1739307	19382811	9819889	0.39345601010106035	0.2092566001067927	153626643	0.39345601010106035	0.2092566001067927	153626643	MATCH	40642587	1739307	67397	2150154	166543	5804766	13578045	31760	1076897	1026496	135927	24987	90291	21626	20811	17469207	2537866	164298	51500541	4646983	296444	3235995	48370	3664924	3484421	3085233	3868738	2314.46	ok
OUT-HYB	heldout	hybrid	Tx303xCML459	0.1	OUT-HYB__Tx303xCML459__0.1x	58667170	0.19428060020621418	0.10058037570245848	39615174	1782830	19051996	9615063	0.401818872709228	0.21434867193178697	153475061	0.401818872709228	0.21434867193178697	153475061	MATCH	37832344	1782830	66385	2152757	202534	5913316	13138680	25867	1067567	1097167	74217	17949	89116	18720	19901	18189446	2629091	228629	51944738	5710227	253736	3608330	48157	3683939	3679418	3324903	3780650	2316.03	ok
OUT-INBRED	heldout	inbred	A188	0.1	OUT-INBRED__A188__0.1x	87455954	0.05213760517665844	0.05213760517665844	70795616	1957831	16660338	2601913	0.14059727143719625	0.14059727143719625	155592607	0.14059727143719625	0.14059727143719625	155592607	MATCH	68837785	1957831	102522	3224966	0	1993616	14666722	61938	2208485	0	161811	46045	111533	50112	0	6747868	4194824	517581	50708968	0	0	0	0	0	0	2571827	2416180	2340.26	ok
OUT-INBRED	heldout	inbred	CML459	0.1	OUT-INBRED__CML459__0.1x	81439897	0.06249599014104845	0.06249599014104845	64399585	2386848	17040312	2702819	0.16614889272749223	0.16614889272749223	155274649	0.16614889272749223	0.16614889272749223	155274649	MATCH	62012737	2386848	91781	3749689	0	2166874	14873438	59434	2226327	0	45170	31230	119427	42463	0	8797832	5316449	348669	53006281	0	0	0	0	0	0	2875801	2430164	2377.25	ok
OUT-INBRED	heldout	inbred	EP1	0.1	OUT-INBRED__EP1__0.1x	78396122	0.07841099589084266	0.07841099589084266	62045874	2834955	16350248	3312163	0.1981790611566402	0.1981790611566402	152200938	0.1981790611566402	0.1981790611566402	152200938	MATCH	59210919	2834955	102230	4402906	0	2692105	13658143	92645	2717343	0	54389	40173	93589	55949	0	10078501	6036473	435312	49695306	0	0	0	0	0	0	2973930	5405746	2362.09	ok
OUT-INBRED	heldout	inbred	Ia453	0.1	OUT-INBRED__Ia453__0.1x	85579878	0.04761694098231828	0.04761694098231828	67408377	1600337	18171501	2474715	0.11912560278427808	0.11912560278427808	153459958	0.11912560278427808	0.11912560278427808	153459958	MATCH	65808040	1600337	100776	2483094	0	1899434	16272067	54884	2273617	0	31053	27721	133506	36158	0	5330601	3465583	402471	53540616	0	0	0	0	0	0	1788308	5332348	2280.42	ok
OUT-INBRED	heldout	inbred	Tx303	0.1	OUT-INBRED__Tx303__0.1x	87741656	0.05338336673290045	0.05338336673290045	69894389	2200536	17847267	2483409	0.12962592664581662	0.12962592664581662	155975317	0.12962592664581662	0.12962592664581662	155975317	MATCH	67693853	2200536	104943	3184236	0	1779261	16068006	61031	1943431	0	35615	32528	131295	34151	0	5702418	4039448	396699	52567866	0	0	0	0	0	0	2674255	1931042	2271.9	ok
OUT-RIL	heldout	ril	A188xEP1	0.1	OUT-RIL__A188xEP1__0.1x	66527426	0.14524644317367696	0.08363837043687816	49879320	2494410	16648106	7168462	0.3518236230573015	0.2103545152308235	151584122	0.3518236230573015	0.2103545152308235	151584122	MATCH	47384910	2494410	88445	3508673	374599	4181474	12466632	31524	1595492	1309348	118090	28315	81761	36956	29017	13261601	3330395	244452	49395039	5243945	271311	2131313	33134	2220419	1722867	3932772	5063720	2407.39	ok
OUT-RIL	heldout	ril	CML459xIa453	0.1	OUT-RIL__CML459xIa453__0.1x	69245819	0.12177090431986948	0.0705152682214647	51559718	2135014	17686101	6297112	0.2963654218303089	0.1769772324062875	151366589	0.2963654218303089	0.1769772324062875	151366589	MATCH	49424704	2135014	102016	2841977	373149	3488298	14197803	31997	1414009	1416933	45999	16443	105212	22779	28528	10754461	2569189	157064	52447498	4556647	146962	1650835	22061	1918043	1498968	3408732	5805293	2308.57	ok
OUT-RIL	heldout	ril	EP1xIa453	0.1	OUT-RIL__EP1xIa453__0.1x	68275635	0.12901432553501702	0.07521169887325108	51105386	2326796	17170249	6481739	0.3139435861424189	0.1883778712786539	149902814	0.3139435861424189	0.1883778712786539	149902814	MATCH	48778590	2326796	86174	3418031	295458	3510311	13659938	28206	1465065	1213099	48713	20988	94125	24880	24929	11046716	2752186	155188	50378898	4754029	195518	1742101	25164	2242962	1614749	3315627	7362173	2310.35	ok
OUT-RIL	heldout	ril	Tx303xA188	0.1	OUT-RIL__Tx303xA188__0.1x	72944671	0.12339966548070391	0.07307553693675584	55700154	2565851	17244517	6435497	0.2998584263047649	0.181387280279234	153451529	0.2998584263047649	0.181387280279234	153451529	MATCH	53134303	2565851	130105	3904319	378709	3243576	14000941	33009	1548467	1514600	105661	31884	100454	34754	33178	9861992	2698893	309191	50735691	4597846	113668	1369272	24000	1536162	1445003	3994873	3134212	2339.07	ok
OUT-RIL	heldout	ril	Tx303xCML459	0.1	OUT-RIL__Tx303xCML459__0.1x	71319725	0.12178921048840274	0.07107499362904157	54532336	2870028	16787389	5815945	0.30223317827224416	0.18279643191335648	153723285	0.30223317827224416	0.18279643191335648	153723285	MATCH	51662308	2870028	143829	3858025	412371	2867986	13919403	32428	1308978	1620444	40319	21949	99800	25949	31661	9659386	2706343	230252	52154461	5594459	105555	1428388	26560	1567578	1334825	4007359	2849970	2348.13	ok
