dataset_id	class	kind	individual	coverage	row_key	error_rate	partial_error_rate	compared_sites	event_error_rate_strict	event_error_rate_fractional	events_total	events_observable	events_unobservable	events_total_SNP	events_observable_SNP	events_correct_strict_SNP	events_total_INS	events_observable_INS	events_correct_strict_INS	events_total_DEL	events_observable_DEL	events_correct_strict_DEL	false_positive_runs	invariant_check_delta	h1_events_total_all	h2_events_total_all	h1_eq_h2_events	wall_seconds	status
IDX-HYB	indexed	hybrid	B73xCML103	0.01	IDX-HYB__B73xCML103__0.01x	0.015478524862279297	0.0077392624311396485	156116298	0.01672035723778298	0.016699162673837864	26505480	23774193	2731287	23418469	22968115	22577190	1533622	238662	236834	1553389	567416	562656	5189	0.0	0	26505480	False	1732.03	ok
IDX-HYB	indexed	hybrid	B73xCML103	0.1	IDX-HYB__B73xCML103__0.1x	0.0729844835957576	0.036492485136438324	158215780	0.07654316785584347	0.07629709974699384	26505480	24091595	2413885	23418469	23268877	21473353	1533622	242954	228563	1553389	579764	545632	94148	0.0	0	26505480	False	1726.65	ok
IDX-HYB	indexed	hybrid	B73xCML103	0.5	IDX-HYB__B73xCML103__0.5x	0.09494428379033948	0.04747216713056046	158507552	0.09997351183985159	0.09960661002892623	26505480	24154188	2351292	23418469	23329810	20987241	1533622	243534	222539	1553389	580844	529629	102267	0.0	0	26505480	False	1743.15	ok
IDX-HYB	indexed	hybrid	B73xCML103	1.0	IDX-HYB__B73xCML103__1.0x	0.20185264516139978	0.10093746000110504	157980927	0.21965061070280623	0.21887898980884146	26505480	24071201	2434279	23418469	23250403	18138266	1533622	242396	189587	1553389	578402	456094	159922	0.0	0	26505480	False	1742.49	ok
IDX-HYB	indexed	hybrid	B73xCML103	2.0	IDX-HYB__B73xCML103__2.0x	0.39951517360859723	0.19983508253481685	156931226	0.46243692194201214	0.4606263707602857	26505480	23869037	2636443	23418469	23055151	12395478	1533622	240247	128155	1553389	573639	307480	424345	0.0	0	26505480	False	1717.87	ok
IDX-HYB	indexed	hybrid	B73xOh43	0.01	IDX-HYB__B73xOh43__0.01x	0.015606236236224702	0.0078031181181124065	155889733	0.02742633087597357	0.027390668944401342	24370137	21772690	2597447	21535677	21043724	20456221	1408332	213572	210530	1426128	515394	508794	8161	0.0	0	24370137	False	1723.85	ok
IDX-HYB	indexed	hybrid	B73xOh43	0.1	IDX-HYB__B73xOh43__0.1x	0.08258384788065043	0.04129193027237743	157926681	0.09864736051304457	0.09839744635590963	24370137	22155423	2214714	21535677	21409964	19277307	1408332	218104	201932	1426128	527355	490610	75853	0.0	0	24370137	False	1744.28	ok
IDX-HYB	indexed	hybrid	B73xOh43	0.5	IDX-HYB__B73xOh43__0.5x	0.09916417210552764	0.04958654391956774	158147390	0.1136462030506119	0.1133114903450736	24370137	22199677	2170460	21535677	21453225	19003147	1408332	218420	196378	1426128	528032	477243	64421	0.0	0	24370137	False	1774.66	ok
IDX-HYB	indexed	hybrid	B73xOh43	1.0	IDX-HYB__B73xOh43__1.0x	0.20893293056584983	0.10449917498406713	157629077	0.24753586356112245	0.2466673042835944	24370137	22088367	2281770	21535677	21345934	16059282	1408332	217168	162465	1426128	525265	398957	160602	0.0	0	24370137	False	1736.02	ok
IDX-HYB	indexed	hybrid	B73xOh43	2.0	IDX-HYB__B73xOh43__2.0x	0.3785765610002253	0.18937737744901995	156823552	0.4673759556745066	0.4655811549519119	24370137	21927968	2442169	21535677	21191010	11285630	1408332	215528	114439	1426128	521430	279294	360074	0.0	0	24370137	False	1729.59	ok
IDX-HYB	indexed	hybrid	B97xCML103	0.01	IDX-HYB__B97xCML103__0.01x	0.01209535332259204	0.0060476863639906675	154596228	0.01013812996808272	0.010125811918412997	51017762	45183678	5834084	45094207	43660711	43208460	2943223	450730	448897	2980332	1072237	1068243	4919	0.0	24512282	26505480	False	2001.97	ok
IDX-HYB	indexed	hybrid	B97xCML103	0.1	IDX-HYB__B97xCML103__0.1x	0.0551035966457184	0.02755809728960712	157089256	0.04907895548134644	0.04892539544198149	51017762	46109009	4908753	45094207	44536796	42330693	2943223	464220	445953	2980332	1107993	1069381	54402	0.0	24512282	26505480	False	2007.35	ok
IDX-HYB	indexed	hybrid	B97xCML103	0.5	IDX-HYB__B97xCML103__0.5x	0.0787463937634314	0.03966299233584969	157266097	0.06811741613431066	0.06788487193050341	51017762	46171951	4845811	45094207	44598160	41538826	2943223	464751	436893	2980332	1109040	1051118	46324	0.0	24512282	26505480	False	2004.98	ok
IDX-HYB	indexed	hybrid	B97xCML103	1.0	IDX-HYB__B97xCML103__1.0x	0.1738281208241742	0.08730094042432657	156686823	0.14543257311075608	0.1448231270072199	51017762	45990873	5026889	45094207	44423477	37950671	2943223	462766	391757	2980332	1104630	959874	191126	0.0	24512282	26505480	False	2023.59	ok
IDX-HYB	indexed	hybrid	B97xCML103	2.0	IDX-HYB__B97xCML103__2.0x	0.33189551754090607	0.1666836067181957	155607555	0.29492094624803145	0.29369688324842935	51017762	45648877	5368885	45094207	44094157	31062490	2943223	458791	318558	2980332	1095929	805019	368500	0.0	24512282	26505480	False	2022.46	ok
IDX-HYB	indexed	hybrid	Il14HxB97	0.01	IDX-HYB__Il14HxB97__0.01x	0.020706426952818102	0.010353219967486615	154057627	0.02156060739042487	0.021514914457488432	50787992	44970811	5817181	44881251	43485335	42534735	2932620	432622	425873	2974121	1052854	1040605	15514	0.0	26275710	24512282	False	1954.61	ok
IDX-HYB	indexed	hybrid	Il14HxB97	0.1	IDX-HYB__Il14HxB97__0.1x	0.07806520107806658	0.03903261013759218	156273459	0.06493800725575205	0.06475040416011846	50787992	45626146	5161846	44881251	44106049	41218083	2932620	441067	417895	2974121	1079030	1027297	63994	0.0	26275710	24512282	False	1967.98	ok
IDX-HYB	indexed	hybrid	Il14HxB97	0.5	IDX-HYB__Il14HxB97__0.5x	0.09722647286188912	0.048946863091138715	156613683	0.08369349272853377	0.08342148015484918	50787992	45766079	5021913	44881251	44242341	40513389	2932620	442184	409775	2974121	1081554	1012592	60938	0.0	26275710	24512282	False	1997.49	ok
IDX-HYB	indexed	hybrid	Il14HxB97	1.0	IDX-HYB__Il14HxB97__1.0x	0.18541245864556244	0.09314850443305889	156143763	0.15390783211266235	0.1533346230041358	50787992	45621356	5166636	44881251	44102852	37292333	2932620	440653	373254	2974121	1077851	934285	173777	0.0	26275710	24512282	False	2006.71	ok
IDX-HYB	indexed	hybrid	Il14HxB97	2.0	IDX-HYB__Il14HxB97__2.0x	0.33738795759549434	0.16945298001729348	155238881	0.29176559555421955	0.29058205690490035	50787992	45328014	5459978	44881251	43819842	31009744	2932620	437473	303121	2974121	1070699	789994	334215	0.0	26275710	24512282	False	1993.48	ok
IDX-HYB	indexed	hybrid	Oh43xIl14H	0.01	IDX-HYB__Oh43xIl14H__0.01x	0.0217053288123622	0.01085266764827253	154221437	0.01914394221747584	0.019110351255831493	50645847	44799289	5846558	44741190	43326843	42483506	2931351	426420	422025	2973306	1046026	1036123	29349	0.0	24370137	26275710	False	1972.47	ok
IDX-HYB	indexed	hybrid	Oh43xIl14H	0.1	IDX-HYB__Oh43xIl14H__0.1x	0.07313754477250478	0.03657126353178097	156353772	0.061921742901736354	0.06176589586499537	50645847	45533812	5112035	44741190	44023124	41270594	2931351	436476	415618	2973306	1074212	1028067	55656	0.0	24370137	26275710	False	2011.28	ok
IDX-HYB	indexed	hybrid	Oh43xIl14H	0.5	IDX-HYB__Oh43xIl14H__0.5x	0.0917639817208612	0.046237372793195286	156594905	0.07835121386725818	0.07810275245917453	50645847	45626900	5018947	44741190	44114370	40633878	2931351	436924	406271	2973306	1075606	1011828	65627	0.0	24370137	26275710	False	2018.42	ok
IDX-HYB	indexed	hybrid	Oh43xIl14H	1.0	IDX-HYB__Oh43xIl14H__1.0x	0.1733428096151427	0.08723169106882445	156163922	0.1431197875621234	0.14260220541774316	50645847	45485674	5160173	44741190	43979902	37669048	2931351	434712	370721	2973306	1071060	936005	159865	0.0	24370137	26275710	False	1999.32	ok
IDX-HYB	indexed	hybrid	Oh43xIl14H	2.0	IDX-HYB__Oh43xIl14H__2.0x	0.32181616356393583	0.16180701107063122	155238573	0.2769972304905337	0.2759296643038547	50645847	45199340	5446507	44741190	43702604	31573747	2931351	432064	306545	2973306	1064672	798956	315884	0.0	24370137	26275710	False	1988.79	ok
IDX-INBRED	indexed	inbred	B73	0.01	IDX-INBRED__B73__0.01x	0.0	0.0	159093518	None	None	0	0	0	0	0	0	0	0	0	0	0	0	0	0.0	0	0	True	1472.55	ok
IDX-INBRED	indexed	inbred	B73	0.1	IDX-INBRED__B73__0.1x	3.42666189645513e-07	3.42666189645513e-07	160506060	None	None	0	0	0	0	0	0	0	0	0	0	0	0	51	0.0	0	0	True	1455.87	ok
IDX-INBRED	indexed	inbred	B73	0.5	IDX-INBRED__B73__0.5x	5.0567326795869505e-06	5.0567326795869505e-06	160577996	None	None	0	0	0	0	0	0	0	0	0	0	0	0	19	0.0	0	0	True	1430.53	ok
IDX-INBRED	indexed	inbred	B73	1.0	IDX-INBRED__B73__1.0x	1.4323026931162275e-07	1.4323026931162275e-07	160580582	None	None	0	0	0	0	0	0	0	0	0	0	0	0	5	0.0	0	0	True	1447.13	ok
IDX-INBRED	indexed	inbred	B73	2.0	IDX-INBRED__B73__2.0x	5.604703058326166e-06	5.604703058326166e-06	160579426	None	None	0	0	0	0	0	0	0	0	0	0	0	0	189	0.0	0	0	True	1460.64	ok
IDX-INBRED	indexed	inbred	B97	0.01	IDX-INBRED__B97__0.01x	1.1594999649311433e-07	1.1594999649311433e-07	155239332	8.221096713389997e-07	4.592884417231602e-08	49024564	43789778	5234786	43351476	42321838	42321838	2819202	435458	435458	2853886	1032482	1032446	0	0.0	24512282	24512282	True	1949.86	ok
IDX-INBRED	indexed	inbred	B97	0.1	IDX-INBRED__B97__0.1x	1.1961197776688692e-07	1.1961197776688692e-07	158846968	8.474870358821107e-07	4.60284810266387e-08	49024564	44838444	4186120	43351476	43315630	43315630	2819202	449838	449838	2853886	1072976	1072938	0	0.0	24512282	24512282	True	1951.5	ok
IDX-INBRED	indexed	inbred	B97	0.5	IDX-INBRED__B97__0.5x	3.172050123922965e-05	3.172050123922965e-05	158950830	1.0251349723544578e-06	2.0598463412735413e-07	49024564	44872140	4152424	43351476	43348672	43348666	2819202	449974	449974	2853886	1073494	1073454	14	0.0	24512282	24512282	True	1958.79	ok
IDX-INBRED	indexed	inbred	B97	1.0	IDX-INBRED__B97__1.0x	3.900510018106651e-05	3.900510018106651e-05	158953572	2.1838937479534692e-06	1.371159200513894e-06	49024564	44873978	4150586	43351476	43350486	43350428	2819202	449978	449978	2853886	1073514	1073474	56	0.0	24512282	24512282	True	1954.98	ok
IDX-INBRED	indexed	inbred	B97	2.0	IDX-INBRED__B97__2.0x	0.0006371571538661414	0.0006371571538661414	158954505	0.00021816458380774506	0.00021714909904169133	49024564	44874378	4150186	43351476	43350876	43341226	2819202	449980	449952	2853886	1073522	1073410	17	0.0	24512282	24512282	True	1979.72	ok
IDX-INBRED	indexed	inbred	CML103	0.01	IDX-INBRED__CML103__0.01x	1.4750855392708928e-07	1.4750855392708928e-07	155923161	9.67343208313487e-07	5.058629914955759e-08	53010960	47552926	5458034	46836938	45941968	45941968	3067244	476920	476920	3106778	1134038	1133992	0	0.0	26505480	26505480	True	1933.55	ok
IDX-INBRED	indexed	inbred	CML103	0.1	IDX-INBRED__CML103__0.1x	1.447725903602759e-07	1.447725903602759e-07	158869852	9.490930816813403e-07	4.963192601348254e-08	53010960	48467322	4543638	46836938	46812850	46812850	3067244	488834	488834	3106778	1165638	1165592	0	0.0	26505480	26505480	True	1961.74	ok
IDX-INBRED	indexed	inbred	CML103	0.5	IDX-INBRED__CML103__0.5x	1.428169842276894e-06	1.428169842276894e-06	158944681	3.753214979251851e-06	2.8542071176529404e-06	53010960	48491760	4519200	46836938	46836726	46836598	3067244	488980	488978	3106778	1166054	1166002	51	0.0	26505480	26505480	True	1991.39	ok
IDX-INBRED	indexed	inbred	CML103	1.0	IDX-INBRED__CML103__1.0x	0.00017579401644884918	0.00017579401644884918	158941701	5.980581258879791e-05	5.8859253231680064e-05	53010960	48490270	4520690	46836938	46835254	46832432	3067244	488972	488968	3106778	1166044	1165970	153	0.0	26505480	26505480	True	1963.01	ok
IDX-INBRED	indexed	inbred	CML103	2.0	IDX-INBRED__CML103__2.0x	0.00013841892905064324	0.00013841892905064324	158945024	5.687539841647826e-05	5.5848854684348304e-05	53010960	48491968	4518992	46836938	46836934	46834258	3067244	488980	488976	3106778	1166054	1165976	18	0.0	26505480	26505480	True	1974.36	ok
IDX-INBRED	indexed	inbred	Il14H	0.01	IDX-INBRED__Il14H__0.01x	1.6155720883315183e-07	1.6155720883315183e-07	154743946	1.0698898711414273e-06	6.697575583025639e-08	52551420	46733782	5817638	46411026	45238022	45238022	3046038	427272	427272	3094356	1068488	1068438	0	0.0	26275710	26275710	True	1970.02	ok
IDX-INBRED	indexed	inbred	Il14H	0.1	IDX-INBRED__Il14H__0.1x	4.69394699065262e-06	4.69394699065262e-06	158502003	1.2095111452392615e-06	1.2037790064756138e-07	52551420	47953258	4598162	46411026	46397306	46397306	3046038	443516	443516	3094356	1112436	1112378	0	0.0	26275710	26275710	True	2006.21	ok
IDX-INBRED	indexed	inbred	Il14H	0.5	IDX-INBRED__Il14H__0.5x	1.0795894533233152e-05	1.0795894533233152e-05	158578800	1.5427469752804512e-06	4.058036791043662e-07	52551420	47966388	4585032	46411026	46410148	46410136	3046038	443564	443564	3094356	1112676	1112614	10	0.0	26275710	26275710	True	2001.78	ok
IDX-INBRED	indexed	inbred	Il14H	1.0	IDX-INBRED__Il14H__1.0x	0.0006358798822732048	0.0006358798822732048	158578692	1.2508616873407874e-06	1.428326996677498e-07	52551420	47966934	4584486	46411026	46410712	46410712	3046038	443560	443560	3094356	1112662	1112602	12	0.0	26275710	26275710	True	1982.97	ok
IDX-INBRED	indexed	inbred	Il14H	2.0	IDX-INBRED__Il14H__2.0x	0.0006566977520502393	0.0006566977520502393	158578280	2.897821963654401e-05	2.7791605502591743e-05	52551420	47967060	4584360	46411026	46410818	46409520	3046038	443564	443558	3094356	1112678	1112592	1	0.0	26275710	26275710	True	1981.31	ok
IDX-INBRED	indexed	inbred	Oh43	0.01	IDX-INBRED__Oh43__0.01x	1.409766842153104e-07	1.409766842153104e-07	156054174	1.0060784976229087e-06	5.99352558694477e-08	48740274	43734162	5006112	43071354	42275240	42275240	2816664	428486	428486	2852256	1030436	1030392	0	0.0	24370137	24370137	True	1956.94	ok
IDX-INBRED	indexed	inbred	Oh43	0.1	IDX-INBRED__Oh43__0.1x	4.6548538166213405e-06	4.6548538166213405e-06	158544184	1.8854640730925354e-05	1.792024105817802e-05	48740274	44551366	4188908	43071354	43052508	43051744	2816664	438686	438682	2852256	1060172	1060100	203	0.0	24370137	24370137	True	1961.99	ok
IDX-INBRED	indexed	inbred	Oh43	0.5	IDX-INBRED__Oh43__0.5x	3.082848294855278e-05	3.082848294855278e-05	158619547	3.0963921691107288e-06	2.02166644980295e-06	48740274	44567998	4172276	43071354	43068886	43068806	2816664	438720	438720	2852256	1060392	1060334	20	0.0	24370137	24370137	True	1996.39	ok
IDX-INBRED	indexed	inbred	Oh43	1.0	IDX-INBRED__Oh43__1.0x	0.0002587284036690285	0.0002587284036690285	158629665	9.934826372304251e-05	9.82717711169867e-05	48740274	44570482	4169792	43071354	43071350	43067012	2816664	438720	438716	2852256	1060412	1060326	13	0.0	24370137	24370137	True	1984.68	ok
IDX-INBRED	indexed	inbred	Oh43	2.0	IDX-INBRED__Oh43__2.0x	0.00021277951913312165	0.00021277951913312165	158628989	0.0003170287944711525	0.000315917781481434	48740274	44570084	4170190	43071354	43070954	43056966	2816664	438720	438708	2852256	1060410	1060280	22	0.0	24370137	24370137	True	1998.55	ok
IDX-RIL	indexed	ril	B73xCML103	0.01	IDX-RIL__B73xCML103__0.01x	0.07818938518379315	0.03909470222691147	155682168	0.0742659170872898	0.07400135294568755	27437002	24583565	2853437	24264135	23757540	21996635	1576627	246229	222888	1596240	579796	538321	592323	0.0	15355007	12081995	False	1725.83	ok
IDX-RIL	indexed	ril	B73xCML103	0.1	IDX-RIL__B73xCML103__0.1x	0.07925861265556233	0.03962932213241099	158181497	0.08876797823977933	0.08845877349108977	27437002	24890924	2546078	24264135	24050923	21914055	1576627	250085	224198	1596240	589916	543154	429954	0.0	15355007	12081995	False	1758.12	ok
IDX-RIL	indexed	ril	B73xCML103	0.5	IDX-RIL__B73xCML103__0.5x	0.08854827197440918	0.044276759567291046	158752539	0.10039780371384088	0.10004014130476602	27437002	24976891	2460111	24264135	24133682	21712257	1576627	250962	221351	1596240	592247	535658	383211	0.0	15355007	12081995	False	1756.49	ok
IDX-RIL	indexed	ril	B73xCML103	1.0	IDX-RIL__B73xCML103__1.0x	0.1486708467569804	0.07436534637190018	158473450	0.16018439408688923	0.15959158212135072	27437002	24940713	2496289	24264135	24098858	20241991	1576627	250500	205960	1596240	591355	497649	309060	0.0	15355007	12081995	False	1759.06	ok
IDX-RIL	indexed	ril	B73xCML103	2.0	IDX-RIL__B73xCML103__2.0x	0.2758220496166136	0.1382646771465863	157950320	0.3136260071788106	0.3125286117714957	27437002	24837819	2599183	24264135	23999915	16473781	1576627	249251	167080	1596240	588653	407172	377271	0.0	15355007	12081995	False	1731.51	ok
IDX-RIL	indexed	ril	B73xOh43	0.01	IDX-RIL__B73xOh43__0.01x	0.08521678992112314	0.04260840795452503	153917626	0.10032363782446596	0.09999666540475638	24798241	21283050	3515191	21899747	20567940	18495521	1438831	208067	186450	1459663	507043	465886	745513	0.0	11214739	13583502	False	1702.9	ok
IDX-RIL	indexed	ril	B73xOh43	0.1	IDX-RIL__B73xOh43__0.1x	0.07437480558985188	0.037235477315180066	157547074	0.11166915564246249	0.11131601386384438	24798241	22362612	2435629	21899747	21599771	19177840	1438831	221673	194624	1459663	541168	492934	402237	0.0	11214739	13583502	False	1737.97	ok
IDX-RIL	indexed	ril	B73xOh43	0.5	IDX-RIL__B73xOh43__0.5x	0.07949066976709018	0.039805929325541944	158257089	0.11834241785446409	0.11790467663698556	24798241	22522009	2276232	21899747	21754281	19170447	1438831	223028	195194	1459663	544700	491059	352426	0.0	11214739	13583502	False	1712.58	ok
IDX-RIL	indexed	ril	B73xOh43	1.0	IDX-RIL__B73xOh43__1.0x	0.12633336658917604	0.06356359141911261	158187742	0.15644692020960338	0.1558515120027565	24798241	22521971	2276270	21899747	21754285	18347131	1438831	223112	185850	1459663	544574	465497	269068	0.0	11214739	13583502	False	1716.73	ok
IDX-RIL	indexed	ril	B73xOh43	2.0	IDX-RIL__B73xOh43__2.0x	0.2151045363319254	0.10822143984098798	157814510	0.25768140948433316	0.2567423643382669	24798241	22439469	2358772	21899747	21674733	16088744	1438831	222061	161877	1459663	542675	406614	298773	0.0	11214739	13583502	False	1725.1	ok
IDX-RIL	indexed	ril	B97xCML103	0.01	IDX-RIL__B97xCML103__0.01x	0.06816477772656082	0.03408242830981634	152104611	0.06178370003672373	0.06154043813236032	51657802	44954543	6703259	45644102	43433825	40749592	2988749	453493	418729	3024951	1067225	1008764	729337	0.0	25486908	26170894	False	2004.59	ok
IDX-RIL	indexed	ril	B97xCML103	0.1	IDX-RIL__B97xCML103__0.1x	0.07875330432328631	0.03942491098987411	156955738	0.0787230388507314	0.07843608624776899	51657802	46587823	5069979	45644102	44986215	41434212	2988749	475552	431131	3024951	1126056	1054945	610227	0.0	25486908	26170894	False	2009.86	ok
IDX-RIL	indexed	ril	B97xCML103	0.5	IDX-RIL__B97xCML103__0.5x	0.09096965869505402	0.04592738733070345	157659567	0.08863057389666407	0.08826156275212793	51657802	46769256	4888546	45644102	45159742	41152903	2988749	477800	425946	3024951	1131714	1045221	647924	0.0	25486908	26170894	False	2020.82	ok
IDX-RIL	indexed	ril	B97xCML103	1.0	IDX-RIL__B97xCML103__1.0x	0.12543081130395817	0.0633854914655061	157441029	0.1140025326220877	0.11351755892272586	51657802	46730225	4927577	45644102	45121893	39972346	2988749	477377	414582	3024951	1130955	1015933	451517	0.0	25486908	26170894	False	1985.98	ok
IDX-RIL	indexed	ril	B97xCML103	2.0	IDX-RIL__B97xCML103__2.0x	0.20072466181327597	0.10148212462895434	156986056	0.18057459738534531	0.17982407269535028	51657802	46596975	5060827	45644102	44994628	36865128	2988749	475584	378606	3024951	1126763	939011	420217	0.0	25486908	26170894	False	1988.18	ok
IDX-RIL	indexed	ril	Il14HxB97	0.01	IDX-RIL__Il14HxB97__0.01x	0.07087250958152236	0.03545434850364637	152539173	0.059765903629245276	0.05954162780592098	51193784	44974640	6219144	45258225	43508506	40905519	2946595	423800	393417	2988964	1042334	987754	644994	0.0	24971687	26222097	False	2031.9	ok
IDX-RIL	indexed	ril	Il14HxB97	0.1	IDX-RIL__Il14HxB97__0.1x	0.07934920242284393	0.039719237463389234	156330330	0.08176328015179457	0.08146455144915621	51193784	45980555	5213229	45258225	44462440	40817086	2946595	438011	396417	2988964	1080104	1007531	532131	0.0	24971687	26222097	False	2070.6	ok
IDX-RIL	indexed	ril	Il14HxB97	0.5	IDX-RIL__Il14HxB97__0.5x	0.08828735626282325	0.04418870413340292	157175847	0.08745773588382522	0.08709230336498264	51193784	46257326	4936458	45258225	44730739	40812625	2946595	440466	394786	2988964	1086121	1004354	534078	0.0	24971687	26222097	False	2056.42	ok
IDX-RIL	indexed	ril	Il14HxB97	1.0	IDX-RIL__Il14HxB97__1.0x	0.11913832705325011	0.060285972708627567	157078066	0.10902352157092343	0.10858702719466162	51193784	46230033	4963751	45258225	44704846	39823691	2946595	439951	385126	2988964	1085236	981055	404444	0.0	24971687	26222097	False	1989.63	ok
IDX-RIL	indexed	ril	Il14HxB97	2.0	IDX-RIL__Il14HxB97__2.0x	0.18574087879123136	0.09403246123014863	156723389	0.17188893281583872	0.17120103110047624	51193784	46111910	5081874	45258225	44590101	36915829	2946595	438740	353325	2988964	1083069	916629	396646	0.0	24971687	26222097	False	2013.56	ok
IDX-RIL	indexed	ril	Oh43xIl14H	0.01	IDX-RIL__Oh43xIl14H__0.01x	0.06348930129281694	0.0317446868262693	152018274	0.05686079589632442	0.05664648607412037	50057618	43599548	6458070	44224894	42170442	39771876	2894894	413644	383261	2937830	1015462	965306	544851	0.0	25119532	24938086	False	1982.75	ok
IDX-RIL	indexed	ril	Oh43xIl14H	0.1	IDX-RIL__Oh43xIl14H__0.1x	0.07921952699604107	0.039618025029155235	155903304	0.081159245943774	0.08087660324668144	50057618	44838354	5219264	44224894	43353848	39823537	2894894	428684	388742	2937830	1055822	987028	453113	0.0	25119532	24938086	False	1983.5	ok
IDX-RIL	indexed	ril	Oh43xIl14H	0.5	IDX-RIL__Oh43xIl14H__0.5x	0.09153154444124656	0.04586103401958286	156736490	0.09217867210892194	0.0918319307684764	50057618	45103850	4953768	44224894	43610292	39580914	2894894	431012	383853	2937830	1062546	981470	491583	0.0	25119532	24938086	False	2021.85	ok
IDX-RIL	indexed	ril	Oh43xIl14H	1.0	IDX-RIL__Oh43xIl14H__1.0x	0.12964142370064102	0.06542554564997582	156649645	0.11972484025596308	0.11926653547494215	50057618	45084938	4972680	44224894	43591892	38367182	2894894	431040	370635	2937830	1062006	949334	390085	0.0	25119532	24938086	False	1991.77	ok
IDX-RIL	indexed	ril	Oh43xIl14H	2.0	IDX-RIL__Oh43xIl14H__2.0x	0.2083656448948138	0.10533933364497516	156226330	0.19030765529099347	0.1895794778615726	50057618	44956841	5100777	44224894	43468276	35187296	2894894	429565	338539	2937830	1059000	875375	398139	0.0	25119532	24938086	False	2025.73	ok
MIX-HYB	mixed	hybrid	B73xTx303	0.01	MIX-HYB__B73xTx303__0.01x	0.34316350603575385	0.17178604393541264	152424789	0.5875280915541039	0.5852914919059984	25894315	20092338	5801977	22886356	19328028	7985396	1496865	225793	65685	1511094	538517	236444	2144739	0.0	0	25894315	False	1685.41	ok
MIX-HYB	mixed	hybrid	B73xTx303	0.1	MIX-HYB__B73xTx303__0.1x	0.3379043515254573	0.16969701261267156	156543678	0.5525917630614336	0.5506503268502314	25894315	20707815	5186500	22886356	19912302	8928800	1496865	233994	80328	1511094	561519	255719	1149496	0.0	0	25894315	False	1713.03	ok
MIX-HYB	mixed	hybrid	B73xTx303	0.5	MIX-HYB__B73xTx303__0.5x	0.34524168586597137	0.1733784204460287	157516555	0.5743648039462381	0.572291734000177	25894315	20844155	5050160	22886356	20042643	8549590	1496865	235996	76570	1511094	565516	245846	977762	0.0	0	25894315	False	1710.01	ok
MIX-HYB	mixed	hybrid	B73xTx303	1.0	MIX-HYB__B73xTx303__1.0x	0.38629401131804986	0.19494638525154062	157361738	0.5977190876812051	0.5954275810040278	25894315	20809568	5084747	22886356	20009381	8072697	1496865	235589	71220	1511094	564598	227375	947711	0.0	0	25894315	False	1693.66	ok
MIX-HYB	mixed	hybrid	B73xTx303	2.0	MIX-HYB__B73xTx303__2.0x	0.4669353650171897	0.23779454366518393	156583023	0.6699358292967652	0.6672862048569548	25894315	20689192	5205123	22886356	19892912	6580724	1496865	234270	59132	1511094	562010	188905	863372	0.0	0	25894315	False	1708.75	ok
MIX-HYB	mixed	hybrid	B97xCML459	0.01	MIX-HYB__B97xCML459__0.01x	0.3376686001370247	0.16894191773358702	152976744	0.26352978875924793	0.26232834848436426	52172970	41510977	10661993	46110297	39972427	29508654	3025432	451531	281732	3037241	1087019	781212	1265615	0.0	24512282	27660688	False	2021.13	ok
MIX-HYB	mixed	hybrid	B97xCML459	0.1	MIX-HYB__B97xCML459__0.1x	0.3110102902801415	0.15611084208181558	154844764	0.23927665097030293	0.23815305604025627	52172970	41986370	10186600	46110297	40423888	30823826	3025432	457298	300064	3037241	1105184	816122	744515	0.0	24512282	27660688	False	2027.99	ok
MIX-HYB	mixed	hybrid	B97xCML459	0.5	MIX-HYB__B97xCML459__0.5x	0.3158092566863866	0.15895390464789494	155689211	0.25068387076506715	0.2495175153645366	52172970	42273338	9899632	46110297	40698412	30563551	3025432	461029	299121	3037241	1113897	813422	721279	0.0	24512282	27660688	False	2063.73	ok
MIX-HYB	mixed	hybrid	B97xCML459	1.0	MIX-HYB__B97xCML459__1.0x	0.3493163876725838	0.1771628230796256	155441170	0.2835418564263362	0.2821853621383976	52172970	42226658	9946312	46110297	40654190	29191136	3025432	460226	282152	3037241	1112242	780345	742728	0.0	24512282	27660688	False	2075.4	ok
MIX-HYB	mixed	hybrid	B97xCML459	2.0	MIX-HYB__B97xCML459__2.0x	0.4193000210403629	0.2149287102067402	154602847	0.36113733231991796	0.3594528409291232	52172970	41957130	10215840	46110297	40395331	25850497	3025432	457022	248774	3037241	1104777	705573	688019	0.0	24512282	27660688	False	2003.39	ok
MIX-HYB	mixed	hybrid	CML103xIa453	0.01	MIX-HYB__CML103xIa453__0.01x	0.2538297234096554	0.12705694964737813	148999272	0.20878361380832522	0.2078711523323341	53050005	43400542	9649463	46880266	41873909	33171621	3056745	448753	318093	3112994	1077880	849506	1273283	0.0	26505480	26544525	False	1948.91	ok
MIX-HYB	mixed	hybrid	CML103xIa453	0.1	MIX-HYB__CML103xIa453__0.1x	0.2378643917202079	0.11947826364528558	152439866	0.2047669458717154	0.2038658659426309	53050005	44493226	8556779	46880266	42913220	34158959	3056745	462856	334548	3112994	1117150	888977	726910	0.0	26505480	26544525	False	1976.7	ok
MIX-HYB	mixed	hybrid	CML103xIa453	0.5	MIX-HYB__CML103xIa453__0.5x	0.25390433557136605	0.128090637466296	153144175	0.21939818077627515	0.21844751745424218	53050005	44701264	8348741	46880266	43114424	33684599	3056745	464450	329107	3112994	1122390	880182	668763	0.0	26505480	26544525	False	1971.93	ok
MIX-HYB	mixed	hybrid	CML103xIa453	1.0	MIX-HYB__CML103xIa453__1.0x	0.30595529595036164	0.15596612667414	152796806	0.26697405744055525	0.2657788109761847	53050005	44620077	8429928	46880266	43034967	31571104	3056745	463890	306014	3112994	1121220	830556	690514	0.0	26505480	26544525	False	1989.73	ok
MIX-HYB	mixed	hybrid	CML103xIa453	2.0	MIX-HYB__CML103xIa453__2.0x	0.4123770010203134	0.21159646203181148	151843536	0.3617606618920177	0.3601219207578714	53050005	44333032	8716973	46880266	42759130	27305952	3056745	460599	258719	3112994	1113303	730414	727572	0.0	26505480	26544525	False	1965.3	ok
MIX-HYB	mixed	hybrid	Il14HxEP1	0.01	MIX-HYB__Il14HxEP1__0.01x	0.3627813039199721	0.18157292545538584	148033042	0.26291624995427454	0.26158736065733745	55939444	41798413	14141031	49496360	40257199	29786071	3194464	439121	256747	3248620	1102093	766113	1575382	0.0	26275710	29663734	False	1997.92	ok
MIX-HYB	mixed	hybrid	Il14HxEP1	0.1	MIX-HYB__Il14HxEP1__0.1x	0.31278923140432235	0.1573884165656635	151571110	0.23851835708018498	0.23728653085125162	55939444	42883018	13056426	49496360	41289659	31563197	3194464	453754	277281	3248620	1139605	814153	1047486	0.0	26275710	29663734	False	2033.65	ok
MIX-HYB	mixed	hybrid	Il14HxEP1	0.5	MIX-HYB__Il14HxEP1__0.5x	0.3119312579611422	0.15825010080046387	152546421	0.24996326420552395	0.24864965743018475	55939444	43193567	12745877	49496360	41587986	31312765	3194464	456988	274647	3248620	1148593	809350	947582	0.0	26275710	29663734	False	2040.42	ok
MIX-HYB	mixed	hybrid	Il14HxEP1	1.0	MIX-HYB__Il14HxEP1__1.0x	0.34116737107619965	0.17496315804591156	152350768	0.27778417719054604	0.27630243801190557	55939444	43146320	12793124	49496360	41543502	30120673	3194464	456188	260718	3248620	1146630	779564	923642	0.0	26275710	29663734	False	2037.26	ok
MIX-HYB	mixed	hybrid	Il14HxEP1	2.0	MIX-HYB__Il14HxEP1__2.0x	0.3964850820265138	0.2059997718142449	151630850	0.33994354686277706	0.33822814193283335	55939444	42932955	13006489	49496360	41337917	27381050	3194464	453780	235358	3248620	1141258	721766	865134	0.0	26275710	29663734	False	2027.66	ok
MIX-HYB	mixed	hybrid	Oh43xA188	0.01	MIX-HYB__Oh43xA188__0.01x	0.30303709189448647	0.15158684918764553	151625310	0.24602298324066174	0.24430188963764043	55960421	40614551	15345870	46757026	38755132	29524307	4749763	564795	271252	4453632	1294624	826879	1256551	0.0	24370137	31590284	False	1996.36	ok
MIX-HYB	mixed	hybrid	Oh43xA188	0.1	MIX-HYB__Oh43xA188__0.1x	0.2764368021511999	0.13943443858860738	154687251	0.2334754168746187	0.23175808332586512	55960421	41630203	14330218	46757026	39717949	30756390	4749763	580048	287899	4453632	1332206	866285	764229	0.0	24370137	31590284	False	2037.21	ok
MIX-HYB	mixed	hybrid	Oh43xA188	0.5	MIX-HYB__Oh43xA188__0.5x	0.29838925287617124	0.15200661276705163	155223372	0.26130064934000574	0.2594559276401347	55960421	41790895	14169526	46757026	39869439	29746651	4749763	582728	278524	4453632	1338728	845732	729821	0.0	24370137	31590284	False	2019.08	ok
MIX-HYB	mixed	hybrid	Oh43xA188	1.0	MIX-HYB__Oh43xA188__1.0x	0.3460844983545729	0.17805908505809998	154870424	0.30603916992225855	0.3039971946254896	55960421	41704142	14256279	46757026	39787705	27878919	4749763	581234	259472	4453632	1335203	802650	726123	0.0	24370137	31590284	False	1999.63	ok
MIX-HYB	mixed	hybrid	Oh43xA188	2.0	MIX-HYB__Oh43xA188__2.0x	0.392216254296042	0.20229245775653515	154423827	0.3554951093747494	0.3532475433802791	55960421	41574541	14385880	46757026	39664241	25797803	4749763	579309	239407	4453632	1330991	757785	716408	0.0	24370137	31590284	False	2029.09	ok
MIX-RIL	mixed	ril	B73xTx303	0.01	MIX-RIL__B73xTx303__0.01x	0.29982279021858627	0.16587581536915574	150322402	0.49184482812531816	0.49010752777384725	28868364	21459327	7409037	25506895	20649040	10525487	1673034	240123	85668	1688435	570164	293513	2264399	0.0	12651316	16217048	False	1682.93	ok
MIX-RIL	mixed	ril	B73xTx303	0.1	MIX-RIL__B73xTx303__0.1x	0.23581078288315338	0.1294770846926503	156412805	0.4014081408852841	0.39980102175558285	28868364	22866604	6001760	25506895	21982833	13208934	1673034	260400	116939	1688435	623371	361890	1483077	0.0	12651316	16217048	False	1740.4	ok
MIX-RIL	mixed	ril	B73xTx303	0.5	MIX-RIL__B73xTx303__0.5x	0.23300634331191117	0.12836211994114677	157688604	0.4013674039233027	0.39967293083307975	28868364	23157020	5711344	25506895	22259459	13377264	1673034	264242	118945	1688435	633319	366338	1386001	0.0	12651316	16217048	False	1713.96	ok
MIX-RIL	mixed	ril	B73xTx303	1.0	MIX-RIL__B73xTx303__1.0x	0.24419213629847714	0.13566674571296555	157532149	0.4042145049344168	0.4024728033863305	28868364	23114079	5754285	25506895	22218916	13288659	1673034	263248	119263	1688435	631915	363111	1245939	0.0	12651316	16217048	False	1727.79	ok
MIX-RIL	mixed	ril	B73xTx303	2.0	MIX-RIL__B73xTx303__2.0x	0.2840682570900048	0.1571631845089576	157162516	0.43914093198682613	0.4372386669411775	28868364	23048373	5819991	25506895	22155752	12470558	1673034	262715	112600	1688435	629906	343731	1132970	0.0	12651316	16217048	False	1743.51	ok
MIX-RIL	mixed	ril	B97xCML459	0.01	MIX-RIL__B97xCML459__0.01x	0.280884088044257	0.15776263358759912	149522393	0.26532656310253755	0.2640349822941206	51485455	40179034	11306421	45442280	38714586	28522627	3014783	426758	256805	3028392	1037690	739037	2046578	0.0	25625462	25859993	False	1975.24	ok
MIX-RIL	mixed	ril	B97xCML459	0.1	MIX-RIL__B97xCML459__0.1x	0.22900354358433583	0.1288783921026625	155062487	0.22230544701679644	0.22117224692543613	51485455	41779750	9705705	45442280	40235983	31374817	3014783	448633	293549	3028392	1095134	823518	1487413	0.0	25625462	25859993	False	2013.78	ok
MIX-RIL	mixed	ril	B97xCML459	0.5	MIX-RIL__B97xCML459__0.5x	0.22644500171291393	0.12850576303797068	156309659	0.22723749895956546	0.22602224603567544	51485455	42145852	9339603	45442280	40588955	31447519	3014783	452187	294988	3028392	1104710	826227	1410982	0.0	25625462	25859993	False	1991.03	ok
MIX-RIL	mixed	ril	B97xCML459	1.0	MIX-RIL__B97xCML459__1.0x	0.22870288667502303	0.13176086894073713	156199467	0.2326211854855783	0.23138692080525158	51485455	42128003	9357452	45442280	40571587	31209014	3014783	452115	294766	3028392	1104301	824357	1204204	0.0	25625462	25859993	False	2022.1	ok
MIX-RIL	mixed	ril	B97xCML459	2.0	MIX-RIL__B97xCML459__2.0x	0.2587481671878974	0.14887363673626108	155840443	0.2653482329965058	0.26398313178791033	51485455	42029317	9456138	45442280	40476807	29804577	3014783	450868	280780	3028392	1101642	791555	1103888	0.0	25625462	25859993	False	2015.25	ok
MIX-RIL	mixed	ril	CML103xIa453	0.01	MIX-RIL__CML103xIa453__0.01x	0.2438382475226144	0.13224109856638389	149105673	0.22040150569291816	0.21929373422119913	52448463	42946340	9502123	46336026	41424361	32351350	3029863	448594	307900	3082574	1073385	821652	1909206	0.0	25986988	26461475	False	1929.25	ok
MIX-RIL	mixed	ril	CML103xIa453	0.1	MIX-RIL__CML103xIa453__0.1x	0.18898728151317823	0.10195958005262018	153184811	0.19069140588749633	0.18964724715690096	52448463	44331442	8117021	46336026	42747148	34644994	3029863	465198	336511	3082574	1119096	896312	1185935	0.0	25986988	26461475	False	1945.82	ok
MIX-RIL	mixed	ril	CML103xIa453	0.5	MIX-RIL__CML103xIa453__0.5x	0.1968673884272063	0.10624081548646991	154070490	0.20042742691010607	0.19932252193710376	52448463	44566216	7882247	46336026	42974580	34410961	3029863	466881	333340	3082574	1124755	889623	1157732	0.0	25986988	26461475	False	1959.54	ok
MIX-RIL	mixed	ril	CML103xIa453	1.0	MIX-RIL__CML103xIa453__1.0x	0.20755791327155737	0.11357992004567585	154047203	0.20962552187174643	0.20849894826227344	52448463	44567703	7880760	46336026	42975219	34012288	3029863	467101	330534	3082574	1125383	882353	925744	0.0	25986988	26461475	False	1958.76	ok
MIX-RIL	mixed	ril	CML103xIa453	2.0	MIX-RIL__CML103xIa453__2.0x	0.2613306944998247	0.1428793900254549	153602213	0.2583431582309085	0.257022894665745	52448463	44432185	8016278	46336026	42844004	31814133	3029863	465682	307369	3082574	1122499	831932	854872	0.0	25986988	26461475	False	1963.83	ok
MIX-RIL	mixed	ril	Il14HxEP1	0.01	MIX-RIL__Il14HxEP1__0.01x	0.313045627926671	0.17591111879414878	148540784	0.2653052227710794	0.26388448439309964	56951717	42940538	14011179	50438164	41355861	30513315	3229368	457017	257667	3284185	1127660	777207	2230212	0.0	28630536	28321181	False	2021.53	ok
MIX-RIL	mixed	ril	Il14HxEP1	0.1	MIX-RIL__Il14HxEP1__0.1x	0.25106857301545626	0.14116333360142364	152374005	0.23242672922887186	0.2310800353443222	56951717	44061533	12890184	50438164	42426277	32710487	3229368	470142	278866	3284185	1165114	831102	1703629	0.0	28630536	28321181	False	2023.11	ok
MIX-RIL	mixed	ril	Il14HxEP1	0.5	MIX-RIL__Il14HxEP1__0.5x	0.2506551849314165	0.14188608780321188	153598618	0.2356665286477838	0.2342953655491996	56951717	44365910	12585807	50438164	42716724	32795952	3229368	474382	279906	3284185	1174804	834492	1653638	0.0	28630536	28321181	False	2034.42	ok
MIX-RIL	mixed	ril	Il14HxEP1	1.0	MIX-RIL__Il14HxEP1__1.0x	0.25972498266343536	0.14926954416003713	153440145	0.2463909804145471	0.24492899100786514	56951717	44364611	12587106	50438164	42716743	32339809	3229368	474091	275824	3284185	1173777	817938	1454431	0.0	28630536	28321181	False	2033.5	ok
MIX-RIL	mixed	ril	Il14HxEP1	2.0	MIX-RIL__Il14HxEP1__2.0x	0.2907246137258507	0.16747846220207396	153099101	0.2769676988985742	0.2754072666271433	56951717	44262082	12689635	50438164	42618270	30952469	3229368	472673	263168	3284185	1171139	787278	1332702	0.0	28630536	28321181	False	2039.7	ok
MIX-RIL	mixed	ril	Oh43xA188	0.01	MIX-RIL__Oh43xA188__0.01x	0.2863289152738133	0.16063384740839182	150684027	0.26707105461868097	0.26529205303877623	56310065	40672824	15637241	46926880	38803120	28734483	4849719	568468	256770	4533466	1301236	819037	1985823	0.0	28291564	28018501	False	2041.47	ok
MIX-RIL	mixed	ril	Oh43xA188	0.1	MIX-RIL__Oh43xA188__0.1x	0.21459777382043876	0.11925332399740063	154774038	0.21490443312083807	0.21323424643437772	56310065	41804703	14505362	46926880	39873010	31644655	4849719	586431	288595	4533466	1345262	887437	1353539	0.0	28291564	28018501	False	2068.59	ok
MIX-RIL	mixed	ril	Oh43xA188	0.5	MIX-RIL__Oh43xA188__0.5x	0.22505675548869764	0.12640993020233937	155688026	0.22938285206868625	0.22761581981151668	56310065	42100052	14210013	46926880	40155026	31277367	4849719	590144	285497	4533466	1354882	880158	1218332	0.0	28291564	28018501	False	2064.94	ok
MIX-RIL	mixed	ril	Oh43xA188	1.0	MIX-RIL__Oh43xA188__1.0x	0.24338414592332613	0.13746693433681922	155524251	0.24575419037045843	0.24389205170753614	56310065	42064121	14245944	46926880	40119642	30583986	4849719	589684	279531	4533466	1354795	863170	1090788	0.0	28291564	28018501	False	2023.3	ok
MIX-RIL	mixed	ril	Oh43xA188	2.0	MIX-RIL__Oh43xA188__2.0x	0.26575290635823046	0.1509413006621686	155323592	0.2706844095816274	0.26871479240925567	56310065	41995204	14314861	46926880	40053588	29519934	4849719	588858	268513	4533466	1352758	839310	1028804	0.0	28291564	28018501	False	2026.63	ok
OUT-HYB	heldout	hybrid	A188xEP1	0.01	OUT-HYB__A188xEP1__0.01x	0.4921202213811252	0.2731498897071343	145537972	0.45229307456199785	0.4492753586267598	61254018	37916822	23337196	51512196	36005998	19926696	5012876	574104	146961	4728946	1336720	693649	2635796	0.0	31590284	29663734	False	2091.49	ok
OUT-HYB	heldout	hybrid	A188xEP1	0.1	OUT-HYB__A188xEP1__0.1x	0.43624905603155195	0.2365780463996192	150383734	0.3965808982706205	0.393675323888244	61254018	39326879	21927139	51512196	37334457	22811988	5012876	596874	176812	4728946	1395548	741790	1713096	0.0	31590284	29663734	False	2079.6	ok
OUT-HYB	heldout	hybrid	A188xEP1	0.5	OUT-HYB__A188xEP1__0.5x	0.4476959033345672	0.24385599599896068	151184716	0.41658404623433154	0.413608470162651	61254018	39544294	21709724	51512196	37538973	22176278	5012876	600861	170796	4728946	1404460	723698	1555477	0.0	31590284	29663734	False	2084.18	ok
OUT-HYB	heldout	hybrid	A188xEP1	1.0	OUT-HYB__A188xEP1__1.0x	0.467088249623138	0.2568969231898234	150888769	0.44014895072642524	0.43705390014460055	61254018	39474262	21779756	51512196	37473073	21241013	5012876	599733	163010	4728946	1401456	695684	1442477	0.0	31590284	29663734	False	2065.82	ok
OUT-HYB	heldout	hybrid	A188xEP1	2.0	OUT-HYB__A188xEP1__2.0x	0.48690351235717755	0.26923831222886685	150282011	0.468171808557586	0.4649673181326571	61254018	39303537	21950481	51512196	37311289	20083008	5012876	596637	153364	4728946	1395611	666357	1325845	0.0	31590284	29663734	False	2063.15	ok
OUT-HYB	heldout	hybrid	CML459xIa453	0.01	OUT-HYB__CML459xIa453__0.01x	0.45356492247483393	0.24606015772885426	148708872	0.4097263907881994	0.4075887934157566	54205213	39998434	14206779	47896356	38451519	22777045	3138954	449620	185320	3169903	1097295	647655	2382250	0.0	27660688	26544525	False	1999.43	ok
OUT-HYB	heldout	hybrid	CML459xIa453	0.1	OUT-HYB__CML459xIa453__0.1x	0.41453915169517785	0.21934259453414617	150838539	0.36476825742222563	0.362706345039694	54205213	40601063	13604150	47896356	39026001	24889340	3138954	457262	213376	3169903	1117800	688368	1406339	0.0	27660688	26544525	False	1995.28	ok
OUT-HYB	heldout	hybrid	CML459xIa453	0.5	OUT-HYB__CML459xIa453__0.5x	0.4154055884328851	0.22029419145355444	152066960	0.37633062468499934	0.37425641489448913	54205213	40934439	13270774	47896356	39344958	24634131	3138954	461344	211342	3169903	1128137	684083	1266567	0.0	27660688	26544525	False	2072.41	ok
OUT-HYB	heldout	hybrid	CML459xIa453	1.0	OUT-HYB__CML459xIa453__1.0x	0.43182292131212396	0.23051972206632187	151929339	0.394560262856418	0.3924037122845869	54205213	40865504	13339709	47896356	39278068	23875831	3138954	460649	202990	3169903	1126787	662779	1236375	0.0	27660688	26544525	False	2047.18	ok
OUT-HYB	heldout	hybrid	CML459xIa453	2.0	OUT-HYB__CML459xIa453__2.0x	0.47447177423138154	0.2552675944642401	151024107	0.44250328018159746	0.44018443086351855	54205213	40618178	13587035	47896356	39040525	21843332	3138954	457425	183804	3169903	1120228	617365	1107902	0.0	27660688	26544525	False	2041.37	ok
OUT-HYB	heldout	hybrid	EP1xIa453	0.01	OUT-HYB__EP1xIa453__0.01x	0.46244834092996434	0.25395296135679624	143759121	0.42231631804942615	0.420058320072203	56208259	38978231	17230028	49752644	37450283	21738960	3194568	440262	165011	3261047	1087686	613117	2454512	0.0	29663734	26544525	False	2011.97	ok
OUT-HYB	heldout	hybrid	EP1xIa453	0.1	OUT-HYB__EP1xIa453__0.1x	0.40586629543832387	0.21823939340569698	148336375	0.37141117126849665	0.36919041230939975	56208259	40232799	15975460	49752644	38638257	24422535	3194568	458642	194753	3261047	1135900	672600	1642638	0.0	29663734	26544525	False	2015.83	ok
OUT-HYB	heldout	hybrid	EP1xIa453	0.5	OUT-HYB__EP1xIa453__0.5x	0.4064285376013903	0.21966856328861295	149288230	0.3805411305620163	0.37828684120977196	56208259	40506084	15702175	49752644	38899698	24229523	3194568	461898	193725	3261047	1144488	668605	1460685	0.0	29663734	26544525	False	2027.82	ok
OUT-HYB	heldout	hybrid	EP1xIa453	1.0	OUT-HYB__EP1xIa453__1.0x	0.42413630537165037	0.23091810940599355	149053260	0.40178807180207055	0.39943756015997456	56208259	40444349	15763910	49752644	38839584	23363612	3194568	461447	184475	3261047	1143318	646205	1377616	0.0	29663734	26544525	False	2016.48	ok
OUT-HYB	heldout	hybrid	EP1xIa453	2.0	OUT-HYB__EP1xIa453__2.0x	0.4567256284640844	0.25071725488856855	148344754	0.4387263720382347	0.436258975000657	56208259	40231623	15976636	49752644	38635511	21797691	3194568	458744	171418	3261047	1137368	611840	1242645	0.0	29663734	26544525	False	2011.49	ok
OUT-HYB	heldout	hybrid	Tx303xA188	0.01	OUT-HYB__Tx303xA188__0.01x	0.445596405978405	0.24458632668379943	148523092	0.4131670779659281	0.41043008386676627	57484599	38740243	18744356	48107705	36866034	21876517	4838296	571244	174147	4538598	1302965	683386	2583792	0.0	25894315	31590284	False	2003.92	ok
OUT-HYB	heldout	hybrid	Tx303xA188	0.1	OUT-HYB__Tx303xA188__0.1x	0.39345601010106035	0.2092566001067927	153626643	0.35859390067241304	0.3560183144836372	57484599	40163706	17320893	48107705	38204099	24807781	4838296	595425	208823	4538598	1364182	744642	1654254	0.0	25894315	31590284	False	2054.29	ok
OUT-HYB	heldout	hybrid	Tx303xA188	0.5	OUT-HYB__Tx303xA188__0.5x	0.4061665813062145	0.21673826522753292	154386483	0.38540924640729757	0.38271409369913534	57484599	40351240	17133359	48107705	38382307	23865602	4838296	597521	203793	4538598	1371412	730104	1504318	0.0	25894315	31590284	False	2078.49	ok
OUT-HYB	heldout	hybrid	Tx303xA188	1.0	OUT-HYB__Tx303xA188__1.0x	0.4253806251375317	0.2294493231145026	154096299	0.41258245220213985	0.4097997594658158	57484599	40299712	17184887	48107705	38334214	22775596	4838296	596599	192717	4538598	1368899	704445	1416927	0.0	25894315	31590284	False	2027.7	ok
OUT-HYB	heldout	hybrid	Tx303xA188	2.0	OUT-HYB__Tx303xA188__2.0x	0.4535060274762892	0.2458947342328529	153461989	0.4453921123983091	0.44245249392820096	57484599	40137828	17346771	48107705	38180807	21407638	4838296	593887	180836	4538598	1363134	672282	1281745	0.0	25894315	31590284	False	2040.97	ok
OUT-HYB	heldout	hybrid	Tx303xCML459	0.01	OUT-HYB__Tx303xCML459__0.01x	0.456435929172298	0.25137617088740816	149158983	0.4051120304671668	0.4029883232286331	53555003	39013539	14541464	47320915	37483840	22394449	3112696	447178	181362	3121392	1082521	632874	2639149	0.0	25894315	27660688	False	1997.37	ok
OUT-HYB	heldout	hybrid	Tx303xCML459	0.1	OUT-HYB__Tx303xCML459__0.1x	0.401818872709228	0.21434867193178697	153475061	0.35214835751255336	0.3502068275175174	53555003	40291967	13263036	47320915	38700237	25187367	3112696	465246	217640	3121392	1126484	698210	1669632	0.0	25894315	27660688	False	2020.81	ok
OUT-HYB	heldout	hybrid	Tx303xCML459	0.5	OUT-HYB__Tx303xCML459__0.5x	0.41176889428393526	0.21987013612326423	154769136	0.3667101654556971	0.36467110039423	53555003	40653239	12901764	47320915	39044655	24835640	3112696	469768	216449	3121392	1138816	693194	1545155	0.0	25894315	27660688	False	2070.98	ok
OUT-HYB	heldout	hybrid	Tx303xCML459	1.0	OUT-HYB__Tx303xCML459__1.0x	0.4214928136115009	0.22603694424800935	154693418	0.38243847779947726	0.3803106425038326	53555003	40601116	12953887	47320915	38993022	24191144	3112696	469697	208461	3121392	1138397	674082	1476205	0.0	25894315	27660688	False	2069.31	ok
OUT-HYB	heldout	hybrid	Tx303xCML459	2.0	OUT-HYB__Tx303xCML459__2.0x	0.4580272350948932	0.24794651788016242	153677379	0.42938238212736635	0.4270660052437619	53555003	40316207	13238796	47320915	38719958	22185488	3112696	465950	190769	3121392	1130299	628881	1279699	0.0	25894315	27660688	False	2042.03	ok
OUT-INBRED	heldout	inbred	A188	0.01	OUT-INBRED__A188__0.01x	0.20688037358249467	0.20688037358249467	151006219	0.36553090307150593	0.36221297658845064	63180568	38917782	24262786	50442698	36623214	23761856	6682862	713922	176400	6055008	1580646	753874	2507897	0.0	31590284	31590284	True	1981.41	ok
OUT-INBRED	heldout	inbred	A188	0.1	OUT-INBRED__A188__0.1x	0.14059727143719625	0.14059727143719625	155592607	0.2745623465350313	0.2715458016919615	63180568	40243712	22936856	50442698	37861522	28116850	6682862	739002	223066	6055008	1643188	854388	1943149	0.0	31590284	31590284	True	2020.35	ok
OUT-INBRED	heldout	inbred	A188	0.5	OUT-INBRED__A188__0.5x	0.13971322530182417	0.13971322530182417	156431583	0.27855021160294213	0.2754608107929284	63180568	40406338	22774230	50442698	38013098	28067560	6682862	742386	224670	6055008	1650854	858914	1845971	0.0	31590284	31590284	True	2073.7	ok
OUT-INBRED	heldout	inbred	A188	1.0	OUT-INBRED__A188__1.0x	0.1443640484048292	0.1443640484048292	156374480	0.28748868751724455	0.28434113432145525	63180568	40382382	22798186	50442698	37990404	27703756	6682862	742068	220374	6055008	1649910	848774	1799794	0.0	31590284	31590284	True	2037.05	ok
OUT-INBRED	heldout	inbred	A188	2.0	OUT-INBRED__A188__2.0x	0.14782169740865214	0.14782152769958978	156149587	0.29570408516897806	0.29251764995584895	63180568	40356666	22823902	50442698	37968196	27363743	6682862	740796	217236	6055008	1647674	842056	1772070	0.0	31590284	31590284	True	2021.78	ok
OUT-INBRED	heldout	inbred	CML459	0.01	OUT-INBRED__CML459__0.01x	0.23429928126470767	0.23429928126470767	149144478	0.3688060205666488	0.3666729016751594	55321376	38520228	16801148	48869118	36971834	23506044	3231662	449442	181002	3220596	1098952	626690	2760664	0.0	27660688	27660688	True	1995.08	ok
OUT-INBRED	heldout	inbred	CML459	0.1	OUT-INBRED__CML459__0.1x	0.16614889272749223	0.16614889272749223	155274649	0.2636312905954956	0.26188511161015005	55321376	40291416	15029960	48869118	38652146	28674986	3231662	476580	238854	3220596	1162690	755498	2143124	0.0	27660688	27660688	True	2028.86	ok
OUT-INBRED	heldout	inbred	CML459	0.5	OUT-INBRED__CML459__0.5x	0.1658630827983263	0.1658630827983263	156566317	0.2673826933543524	0.26555286048629023	55321376	40631074	14690302	48869118	38976262	28761722	3231662	480838	240996	3220596	1173974	764310	2117450	0.0	27660688	27660688	True	2018.4	ok
OUT-INBRED	heldout	inbred	CML459	1.0	OUT-INBRED__CML459__1.0x	0.1683040471035615	0.1683040471035615	156301387	0.2795895945772612	0.27769983722667946	55321376	40540400	14780976	48869118	38889560	28214972	3231662	479590	237498	3220596	1171250	753256	1976815	0.0	27660688	27660688	True	2023.25	ok
OUT-INBRED	heldout	inbred	CML459	2.0	OUT-INBRED__CML459__2.0x	0.17686271738364356	0.17686271417712318	155932270	0.2918334072497929	0.28987133052366554	55321376	40446562	14874814	48869118	38799264	27674940	3231662	478588	231214	3220596	1168710	736750	1913685	0.0	27660688	27660688	True	2023.58	ok
OUT-INBRED	heldout	inbred	EP1	0.01	OUT-INBRED__EP1__0.01x	0.26690887872484514	0.26690887872484514	146041174	0.4154381261631329	0.4128734592887954	59327468	38265188	21062280	52581694	36653700	21638022	3342890	462144	144016	3402884	1149344	586332	3179554	0.0	29663734	29663734	True	2014.25	ok
OUT-INBRED	heldout	inbred	EP1	0.1	OUT-INBRED__EP1__0.1x	0.1981790611566402	0.1981790611566402	152200938	0.3266101553818819	0.3243125747202492	59327468	40025516	19301952	52581694	38320472	26076170	3342890	488200	187178	3402884	1216844	689428	2638266	0.0	29663734	29663734	True	2051.18	ok
OUT-INBRED	heldout	inbred	EP1	0.5	OUT-INBRED__EP1__0.5x	0.19540051976522288	0.19540048387902686	153262274	0.32819274870807447	0.32588641915665384	59327468	40318112	19009356	52581694	38598876	26202224	3342890	491636	188100	3402884	1227600	695676	2490353	0.0	29663734	29663734	True	2069.59	ok
OUT-INBRED	heldout	inbred	EP1	1.0	OUT-INBRED__EP1__1.0x	0.20365271208983715	0.20365271208983715	153110507	0.3424740619681922	0.34004760061929684	59327468	40242452	19085016	52581694	38526786	25594224	3342890	490758	183686	3402884	1224908	682546	2376894	0.0	29663734	29663734	True	2074.7	ok
OUT-INBRED	heldout	inbred	EP1	2.0	OUT-INBRED__EP1__2.0x	0.21000231780050171	0.21000231780050171	152830237	0.3523187860689675	0.34987004967714974	59327468	40194178	19133290	52581694	38480076	25181528	3342890	489966	179786	3402884	1224136	671700	2298975	0.0	29663734	29663734	True	2075.55	ok
OUT-INBRED	heldout	inbred	Ia453	0.01	OUT-INBRED__Ia453__0.01x	0.1838125306197922	0.1838125306197922	149353969	0.3188440184809126	0.31728736825914783	53089050	41428690	11660360	46923594	39908976	27307214	3046246	442900	218510	3119210	1076814	693676	2132487	0.0	26544525	26544525	True	1912.05	ok
OUT-INBRED	heldout	inbred	Ia453	0.1	OUT-INBRED__Ia453__0.1x	0.11912560278427808	0.11912560278427808	153459958	0.23743780805288384	0.2360175647241427	53089050	42571830	10517220	46923594	41000004	31393572	3046246	456876	267012	3119210	1114950	803084	1632969	0.0	26544525	26544525	True	1948.65	ok
OUT-INBRED	heldout	inbred	Ia453	0.5	OUT-INBRED__Ia453__0.5x	0.12071607056396694	0.12071607056396694	154203462	0.2410146702892325	0.23959660873190092	53089050	42819742	10269308	46923594	41237408	31427696	3046246	459676	266690	3119210	1122658	805170	1576348	0.0	26544525	26544525	True	1938.33	ok
OUT-INBRED	heldout	inbred	Ia453	1.0	OUT-INBRED__Ia453__1.0x	0.12408554121057014	0.12408554121057014	154133381	0.24608127158799775	0.24465198459141158	53089050	42803298	10285752	46923594	41222376	31202578	3046246	459002	266340	3119210	1121920	801290	1519623	0.0	26544525	26544525	True	1952.47	ok
OUT-INBRED	heldout	inbred	Ia453	2.0	OUT-INBRED__Ia453__2.0x	0.12967152958943062	0.12967152958943062	154028699	0.2532795703147206	0.25181909761415144	53089050	42781824	10307226	46923594	41201670	30888144	3046246	458666	263578	3119210	1121488	794340	1498130	0.0	26544525	26544525	True	1970.55	ok
OUT-INBRED	heldout	inbred	Tx303	0.01	OUT-INBRED__Tx303__0.01x	0.19822102549696863	0.19822102549696863	148506007	0.32795534270661575	0.3262614749273125	51788630	39169772	12618858	45772712	37690434	25475628	2993730	436482	201612	3022188	1042856	646596	2432723	0.0	25894315	25894315	True	1919.66	ok
OUT-INBRED	heldout	inbred	Tx303	0.1	OUT-INBRED__Tx303__0.1x	0.12962592664581662	0.12962592664581662	155975317	0.23055271309136605	0.2291569104625769	51788630	41288510	10500120	45772712	39703458	30727716	2993730	467178	262590	3022188	1117874	779026	1931858	0.0	25894315	25894315	True	1977.44	ok
OUT-INBRED	heldout	inbred	Tx303	0.5	OUT-INBRED__Tx303__0.5x	0.12931480930476769	0.12931480930476769	157086780	0.23532540737470597	0.2339241718025893	51788630	41633660	10154970	45772712	40033350	30781720	2993730	470998	265336	3022188	1129312	789146	1839220	0.0	25894315	25894315	True	1942.53	ok
OUT-INBRED	heldout	inbred	Tx303	1.0	OUT-INBRED__Tx303__1.0x	0.13047802984941514	0.13047802984941514	156932857	0.24218153251345909	0.2407238276615873	51788630	41563772	10224858	45772712	39966526	30448026	2993730	470014	265622	3022188	1127232	784146	1693115	0.0	25894315	25894315	True	1974.54	ok
OUT-INBRED	heldout	inbred	Tx303	2.0	OUT-INBRED__Tx303__2.0x	0.13647744440930853	0.1364771669029713	156753177	0.25339731284324285	0.2518630117381849	51788630	41520168	10268462	45772712	39925670	29968993	2993730	469122	258970	3022188	1125376	771106	1671435	0.0	25894315	25894315	True	1944.71	ok
OUT-RIL	heldout	ril	A188xEP1	0.01	OUT-RIL__A188xEP1__0.01x	0.43972572145459077	0.2653100798867589	146123715	0.4462437769881149	0.4433938799025954	61136287	37812478	23323809	51062596	35860096	20122819	5200639	590597	144509	4873052	1361785	671567	3354094	0.0	30862484	30273803	False	2095.21	ok
OUT-RIL	heldout	ril	A188xEP1	0.1	OUT-RIL__A188xEP1__0.1x	0.3518236230573015	0.2103545152308235	151584122	0.3663982876738142	0.3635984146744655	61136287	39270088	21866199	51062596	37234142	23955185	5200639	615638	184473	4873052	1420308	741937	2343801	0.0	30862484	30273803	False	2112.42	ok
OUT-RIL	heldout	ril	A188xEP1	0.5	OUT-RIL__A188xEP1__0.5x	0.35761763104901845	0.21582819151966948	152759328	0.3794572819580819	0.3766394253978643	61136287	39652192	21484095	51062596	37595887	23684049	5200639	621727	183711	4873052	1434578	738119	2099473	0.0	30862484	30273803	False	2118.83	ok
OUT-RIL	heldout	ril	A188xEP1	1.0	OUT-RIL__A188xEP1__1.0x	0.3640092621292865	0.22262141768947175	152615015	0.3923221915234847	0.3894125144764492	61136287	39613283	21523004	51062596	37559307	23167645	5200639	620653	179593	4873052	1433323	724875	1939003	0.0	30862484	30273803	False	2095.29	ok
OUT-RIL	heldout	ril	A188xEP1	2.0	OUT-RIL__A188xEP1__2.0x	0.3771896524346522	0.23222830567623298	152106389	0.4126431737310756	0.40963970046131337	61136287	39477825	21658462	51062596	37430356	22313737	5200639	618503	171709	4873052	1428966	702124	1832323	0.0	30862484	30273803	False	2157.18	ok
OUT-RIL	heldout	ril	CML459xIa453	0.01	OUT-RIL__CML459xIa453__0.01x	0.39073293366874895	0.23667790833667313	145361558	0.387114060198148	0.38531050067321726	53849405	39185159	14664246	47582634	37702130	23205527	3113648	428769	180380	3153123	1054260	630126	3062981	0.0	27120147	26729258	False	1995.53	ok
OUT-RIL	heldout	ril	CML459xIa453	0.1	OUT-RIL__CML459xIa453__0.1x	0.2963654218303089	0.1769772324062875	151366589	0.3108894610673584	0.3092442053852198	53849405	41035759	12813646	47582634	39468411	27320858	3113648	453872	229725	3153123	1113476	727591	2048127	0.0	27120147	26729258	False	2033.97	ok
OUT-RIL	heldout	ril	CML459xIa453	0.5	OUT-RIL__CML459xIa453__0.5x	0.2963661435429408	0.17837154501018637	152806999	0.317187763477897	0.3154837025032323	53849405	41470509	12378896	47582634	39883663	27355825	3113648	459409	229360	3153123	1127437	731386	1962382	0.0	27120147	26729258	False	2030.84	ok
OUT-RIL	heldout	ril	CML459xIa453	1.0	OUT-RIL__CML459xIa453__1.0x	0.2988445933197136	0.18331845745630693	152695759	0.3249037442791184	0.3231478369476788	53849405	41432862	12416543	47582634	39846871	27020571	3113648	459328	226979	3153123	1126663	723620	1795152	0.0	27120147	26729258	False	2008.26	ok
OUT-RIL	heldout	ril	CML459xIa453	2.0	OUT-RIL__CML459xIa453__2.0x	0.3208001314955031	0.19743559843478176	152139043	0.35088276212281866	0.3490301529738681	53849405	41283262	12566143	47582634	39704031	25883280	3113648	456795	217560	3153123	1122436	696837	1661521	0.0	27120147	26729258	False	2008.76	ok
OUT-RIL	heldout	ril	EP1xIa453	0.01	OUT-RIL__EP1xIa453__0.01x	0.41023768505222435	0.2478855122044077	146288501	0.3987716061514599	0.39688814519193305	55510343	39259884	16250459	49099180	37735866	22803724	3169880	434778	170011	3241283	1089240	630422	3236361	0.0	28251508	27258835	False	1982.55	ok
OUT-RIL	heldout	ril	EP1xIa453	0.1	OUT-RIL__EP1xIa453__0.1x	0.3139435861424189	0.1883778712786539	149902814	0.32465762301660117	0.32283555694306487	55510343	40307324	15203019	49099180	38737924	26310025	3169880	447163	207735	3241283	1122237	703484	2159918	0.0	28251508	27258835	False	2008.25	ok
OUT-RIL	heldout	ril	EP1xIa453	0.5	OUT-RIL__EP1xIa453__0.5x	0.3109348985475803	0.1876481025434985	151122911	0.32952952515802403	0.32766344327749	55510343	40667403	14842940	49099180	39083304	26352479	3169880	451095	209275	3241283	1133004	704539	2017717	0.0	28251508	27258835	False	1999.56	ok
OUT-RIL	heldout	ril	EP1xIa453	1.0	OUT-RIL__EP1xIa453__1.0x	0.3135783661662913	0.19424816203252404	150974924	0.3449066895753945	0.34297543454513546	55510343	40641279	14869064	49099180	39056723	25727661	3169880	451313	204080	3241283	1133243	692089	1857765	0.0	28251508	27258835	False	1995.25	ok
OUT-RIL	heldout	ril	EP1xIa453	2.0	OUT-RIL__EP1xIa453__2.0x	0.3323970725347478	0.2064478295660891	150421051	0.3668442299247344	0.36483387082723806	55510343	40513449	14996894	49099180	38934608	24788057	3169880	449375	195244	3241283	1129466	668023	1725025	0.0	28251508	27258835	False	2005.69	ok
OUT-RIL	heldout	ril	Tx303xA188	0.01	OUT-RIL__Tx303xA188__0.01x	0.4042771920796462	0.24659941130554475	147150698	0.415157109047236	0.41267807279549673	58024371	38497592	19526779	48565213	36609363	21668586	4877573	577362	165540	4581585	1310867	680917	3517584	0.0	29144001	28880370	False	1964.35	ok
OUT-RIL	heldout	ril	Tx303xA188	0.1	OUT-RIL__Tx303xA188__0.1x	0.2998584263047649	0.181387280279234	153451529	0.33010471539450137	0.3277530961494344	58024371	40368563	17655808	48565213	38374288	26049580	4877573	608825	217345	4581585	1385450	775785	2468626	0.0	29144001	28880370	False	2019.68	ok
OUT-RIL	heldout	ril	Tx303xA188	0.5	OUT-RIL__Tx303xA188__0.5x	0.2980936747256968	0.18339291773598054	154859039	0.34128468318213767	0.33880832965890173	58024371	40765615	17258756	48565213	38749171	25861312	4877573	615171	216519	4581585	1401273	775104	2236163	0.0	29144001	28880370	False	1982.63	ok
OUT-RIL	heldout	ril	Tx303xA188	1.0	OUT-RIL__Tx303xA188__1.0x	0.3065648697547251	0.1910764061907786	154597355	0.35447280221165733	0.3519180416889349	58024371	40727466	17296905	48565213	38713992	25320609	4877573	614396	211295	4581585	1399078	758783	2085054	0.0	29144001	28880370	False	1993.75	ok
OUT-RIL	heldout	ril	Tx303xA188	2.0	OUT-RIL__Tx303xA188__2.0x	0.31892908573213874	0.1998770677964019	154227285	0.37261329667924215	0.36998331826825726	58024371	40621932	17402439	48565213	38613659	24542198	4877573	612730	204208	4581585	1395543	739254	1971738	0.0	29144001	28880370	False	2000.19	ok
OUT-RIL	heldout	ril	Tx303xCML459	0.01	OUT-RIL__Tx303xCML459__0.01x	0.407058141119119	0.24874107719776184	146670431	0.4034182956022061	0.40152069473902574	52853276	38020995	14832281	46661682	36552608	21922217	3089460	426824	166072	3102134	1041563	594341	3539631	0.0	25729381	27123895	False	2060.15	ok
OUT-RIL	heldout	ril	Tx303xCML459	0.1	OUT-RIL__Tx303xCML459__0.1x	0.30223317827224416	0.18279643191335648	153723285	0.3063212745013427	0.3046334974764171	52853276	39974850	12878426	46661682	38405852	26795704	3089460	455252	221882	3102134	1113746	712117	2536646	0.0	25729381	27123895	False	2134.38	ok
OUT-RIL	heldout	ril	Tx303xCML459	0.5	OUT-RIL__Tx303xCML459__0.5x	0.29689449729786177	0.18043762934707352	155336429	0.3074763786857223	0.3057979074763677	52853276	40413924	12439352	46661682	38826772	27035642	3089460	460347	228261	3102134	1126805	723694	2371798	0.0	25729381	27123895	False	2134.66	ok
OUT-RIL	heldout	ril	Tx303xCML459	1.0	OUT-RIL__Tx303xCML459__1.0x	0.2967555321462425	0.1856819037804146	155068388	0.32112388812051373	0.31931943143815733	52853276	40351383	12501893	46661682	38766009	26459258	3089460	459729	222078	3102134	1125645	712254	2139615	0.0	25729381	27123895	False	2081.71	ok
OUT-RIL	heldout	ril	Tx303xCML459	2.0	OUT-RIL__Tx303xCML459__2.0x	0.31358741752382036	0.19787899098016082	154463841	0.3435042153960278	0.34160323855963515	52853276	40199070	12654206	46661682	38619027	25490239	3089460	457991	212629	3102134	1122052	687652	1978673	0.0	25729381	27123895	False	2083.1	ok
