dataset_id	class	kind	individual	coverage	realized_coverage	error_rate	partial_error_rate	compared_sites	excluded_no_info	excluded_partial_info	imputed_records	gt_allele_matches	gt_allele_mismatches	matchable_ceiling	align_dropped_idx	align_het_scale	align_het_scale_diagnostic	align_prep_fastq_s	align_refmap_s	align_window_s	align_inference_s	align_write_bed_s	align_align_total_s	bed_to_vcf_s	compare_s	score_total_s	wall_seconds	row_key
IDX-INBRED	indexed	inbred	B73	0.01	0.00997	0.0	0.0	159093518	0	0	160580614	159093518	0		4	0.0	0.4948104524056797	0.17	0.0	0.52	7.79	0.12	8.59	970.18	1288.06	2258.24	2268.76	IDX-INBRED__B73__0.01x
IDX-HYB	indexed	hybrid	B73xOh43	0.01	0.00995	0.015606236236224702	0.0078031181181124065	155889733	1950386	1950386	160580614	153456881	2432852	0.9006425672135329	4	1.0	0.8081688753475851	0.2	8.21	0.44	9.89	0.13	18.88	1090.64	1510.25	2600.89	0.36	IDX-HYB__B73xOh43__0.01x
OUT-INBRED	heldout	inbred	Tx303	0.5	0.50001	0.12931480930476769	0.12931480930476769	157086780	1931042	0	160580614	136773133	20313647	0.7947764312767835	23	0.0	0.0	9.31	275.56	1.9	15.8	4.4	306.97	1028.83	1766.67	2795.5	3104.51	OUT-INBRED__Tx303__0.5x
IDX-INBRED	indexed	inbred	B73	2.0	2.00000	5.604703058326166e-06	5.604703058326166e-06	160579426	0	0	160580614	160578526	900		23	0.0	0.0	38.2	924.78	4.38	27.05	11.57	1005.98	1009.9	1296.96	2306.86	2307.49	IDX-INBRED__B73__2.0x
IDX-INBRED	indexed	inbred	B73	0.1	0.09994	3.42666189645513e-07	3.42666189645513e-07	160506060	0	0	160580614	160506005	55		23	0.0	0.13252075217853987	1.67	53.88	0.89	400.22	1.14	457.8	1188.39	1317.53	2505.92	3004.0	IDX-INBRED__B73__0.1x
IDX-INBRED	indexed	inbred	B73	0.5	0.49969	5.0567326795869505e-06	5.0567326795869505e-06	160577996	0	0	160580614	160577184	812		23	0.0	0.0	8.01	229.24	2.36	222.22	4.38	466.22	1196.13	1315.4	2511.53	3016.6	IDX-INBRED__B73__0.5x
IDX-INBRED	indexed	inbred	B73	1.0	0.99965	1.4323026931162275e-07	1.4323026931162275e-07	160580582	0	0	160580614	160580559	23		23	0.0	0.0	20.14	445.33	3.57	20.19	7.63	496.86	1189.81	1315.97	2505.78	3041.58	IDX-INBRED__B73__1.0x
IDX-INBRED	indexed	inbred	Oh43	0.01	0.01001	1.409766842153104e-07	1.409766842153104e-07	156054174	1950386	0	160580614	156054152	22	0.9006425672135329	23	0.0	0.5436660051757184	0.18	8.01	0.4	8.01	0.12	16.72	1127.65	1713.01	2840.66	3356.47	IDX-INBRED__Oh43__0.01x
IDX-INBRED	indexed	inbred	Oh43	0.1	0.10013	4.6548538166213405e-06	4.6548538166213405e-06	158544184	1950386	0	160580614	158543446	738	0.9006425672135329	23	0.0	0.21419462602380557	2.33	57.15	0.61	10.3	1.02	71.41	1194.68	1708.47	2903.14	3491.78	IDX-INBRED__Oh43__0.1x
IDX-INBRED	indexed	inbred	Il14H	0.1	0.10020	4.69394699065262e-06	4.69394699065262e-06	158502003	1999838	0	160580614	158501259	744	0.8943179293569039	23	0.0	0.1978831915053215	1.96	54.38	0.61	10.05	1.05	68.05	1127.62	1715.07	2842.7	3501.24	IDX-INBRED__Il14H__0.1x
IDX-INBRED	indexed	inbred	Il14H	0.01	0.01000	1.6155720883315183e-07	1.6155720883315183e-07	154743946	1999838	0	160580614	154743921	25	0.8943179293569039	23	0.0	0.5309785022277153	0.21	8.13	0.25	8.54	0.13	17.26	1147.65	1685.56	2833.22	3510.61	IDX-INBRED__Il14H__0.01x
IDX-INBRED	indexed	inbred	Oh43	0.5	0.50008	3.082848294855278e-05	3.082848294855278e-05	158619547	1950386	0	160580614	158614657	4890	0.9006425672135329	23	0.0	0.0	9.59	276.93	2.02	16.76	4.47	309.76	1113.72	1721.32	2835.03	3682.17	IDX-INBRED__Oh43__0.5x
IDX-INBRED	indexed	inbred	Oh43	1.0	0.99998	0.0002587284036690285	0.0002587284036690285	158629665	1950386	0	160580614	158588623	41042	0.9006425672135329	23	0.0	0.0	19.55	506.92	3.65	24.25	7.48	561.86	1058.66	1726.54	2785.2	3853.67	IDX-INBRED__Oh43__1.0x
IDX-INBRED	indexed	inbred	Il14H	0.5	0.50066	1.0795894533233152e-05	1.0795894533233152e-05	158578800	1999838	0	160580614	158577088	1712	0.8943179293569039	23	0.0	0.0	9.37	254.63	2.0	15.94	4.4	286.33	1143.18	1739.58	2882.76	4017.47	IDX-INBRED__Il14H__0.5x
IDX-INBRED	indexed	inbred	Oh43	2.0	2.00000	0.00021277951913312165	0.00021277951913312165	158628989	1950386	0	160580614	158595236	33753	0.9006425672135329	23	0.0	0.0	41.27	1076.93	4.92	26.79	12.05	1161.95	1084.11	1760.32	2844.43	5861.64	IDX-INBRED__Oh43__2.0x
IDX-INBRED	indexed	inbred	Il14H	1.0	1.00021	0.0006358798822732048	0.0006358798822732048	158578692	1999838	0	160580614	158477855	100837	0.8943179293569039	23	0.0	0.0	18.51	533.7	3.34	21.0	7.73	584.28	1112.97	1775.83	2888.79	5893.91	IDX-INBRED__Il14H__1.0x
IDX-INBRED	indexed	inbred	Il14H	2.0	2.00000	0.0006566977520502393	0.0006566977520502393	158578280	1999838	0	160580614	158474142	104138	0.8943179293569039	23	0.0	0.0	42.06	959.45	4.53	26.16	10.79	1042.99	1083.9	1769.39	2853.29	5895.63	IDX-INBRED__Il14H__2.0x
IDX-INBRED	indexed	inbred	B97	0.01	0.01001	1.1594999649311433e-07	1.1594999649311433e-07	155239332	1624677	0	160580614	155239314	18	0.8897479732969611	23	0.0	0.5391418346749308	0.22	7.8	0.23	7.53	0.11	15.88	1087.48	1696.37	2783.84	3137.2	IDX-INBRED__B97__0.01x
IDX-INBRED	indexed	inbred	CML103	0.01	0.01000	1.4750855392708928e-07	1.4750855392708928e-07	155923161	1635485	0	160580614	155923138	23	0.8966690608919462	23	0.0	0.6437766748111919	0.24	8.76	0.25	7.72	0.12	17.08	1079.14	1716.0	2795.14	2814.57	IDX-INBRED__CML103__0.01x
IDX-INBRED	indexed	inbred	B97	0.1	0.10008	1.1961197776688692e-07	1.1961197776688692e-07	158846968	1624677	0	160580614	158846949	19	0.8897479732969611	23	0.0	0.21645881562790115	1.85	55.38	0.58	10.03	1.0	68.84	1189.86	1724.85	2914.71	3391.13	IDX-INBRED__B97__0.1x
IDX-INBRED	indexed	inbred	B97	0.5	0.49998	3.172050123922965e-05	3.172050123922965e-05	158950830	1624677	0	160580614	158945788	5042	0.8897479732969611	23	0.0	0.0	8.96	265.05	1.85	14.57	4.3	294.73	1199.37	1733.9	2933.27	3394.61	IDX-INBRED__B97__0.5x
IDX-INBRED	indexed	inbred	CML103	0.1	0.09980	1.447725903602759e-07	1.447725903602759e-07	158869852	1635485	0	160580614	158869829	23	0.8966690608919462	23	0.0	0.3291085491829276	1.94	55.81	0.6	9.33	1.03	68.72	1105.58	1736.79	2842.37	3014.62	IDX-INBRED__CML103__0.1x
IDX-INBRED	indexed	inbred	B97	1.0	0.99996	3.900510018106651e-05	3.900510018106651e-05	158953572	1624677	0	160580614	158947372	6200	0.8897479732969611	23	0.0	0.0	18.19	516.22	3.37	20.52	7.78	566.08	1110.43	1748.08	2858.51	3427.59	IDX-INBRED__B97__1.0x
IDX-INBRED	indexed	inbred	CML103	0.5	0.49950	1.428169842276894e-06	1.428169842276894e-06	158944681	1635485	0	160580614	158944454	227	0.8966690608919462	23	0.0	0.0	9.82	287.81	1.97	15.57	4.55	319.73	1069.93	1754.52	2824.45	3160.46	IDX-INBRED__CML103__0.5x
IDX-INBRED	indexed	inbred	CML103	1.0	0.99992	0.00017579401644884918	0.00017579401644884918	158941701	1635485	0	160580614	158913760	27941	0.8966690608919462	23	0.0	0.0	20.59	550.76	3.07	20.19	7.52	602.13	1149.69	1718.73	2868.42	4877.8	IDX-INBRED__CML103__1.0x
IDX-INBRED	indexed	inbred	B97	2.0	2.00000	0.0006371571538661414	0.0006371571538661414	158954505	1624677	0	160580614	158853226	101279	0.8897479732969611	23	0.0	0.0	46.38	970.57	5.08	25.87	11.64	1059.54	1130.44	1733.81	2864.26	5266.88	IDX-INBRED__B97__2.0x
IDX-INBRED	indexed	inbred	CML103	2.0	2.00000	0.00013841892905064324	0.00013841892905064324	158945024	1635485	0	160580614	158923023	22001	0.8966690608919462	23	0.0	0.0	44.74	1068.97	4.74	25.87	11.43	1155.75	1187.12	1717.17	2904.29	4783.43	IDX-INBRED__CML103__2.0x
IDX-HYB	indexed	hybrid	B73xOh43	0.1	0.10003	0.08258384788065043	0.04129193027237743	157926681	1950386	1950386	160580614	144884488	13042193	0.9006425672135329	23	1.0	0.6410481522639264	1.81	52.49	0.58	8.41	1.19	64.48	1169.5	1545.36	2714.87	2995.45	IDX-HYB__B73xOh43__0.1x
IDX-RIL	indexed	ril	B73xOh43	0.01	0.00992	0.08521678992112314	0.04260840795452503	153917626	1600947	987423	160580614	140801260	13116366	0.9019458992928017	23	0.5	0.6733282813467971	0.25	9.59	0.28	9.32	0.13	19.57	1128.84	1519.09	2647.93	2740.41	IDX-RIL__B73xOh43__0.01x
IDX-HYB	indexed	hybrid	B73xOh43	0.5	0.50017	0.09916417210552764	0.04958654391956774	158147390	1950386	1950386	160580614	142464835	15682555	0.9006425672135329	23	1.0	0.1775144880919324	0.0	254.47	1.98	14.84	4.59	275.87	1190.85	1551.6	2742.45	3165.24	IDX-HYB__B73xOh43__0.5x
IDX-HYB	indexed	hybrid	B73xOh43	1.0	1.00009	0.20893293056584983	0.10449917498406713	157629077	1950386	1950386	160580614	124695172	32933905	0.9006425672135329	23	1.0	0.0	18.47	502.81	3.86	22.9	8.76	556.81	1214.37	1568.31	2782.68	3342.73	IDX-HYB__B73xOh43__1.0x
IDX-RIL	indexed	ril	B73xOh43	0.1	0.09916	0.07437480558985188	0.037235477315180066	157547074	1600947	987423	160580614	145829541	11717533	0.9019458992928017	23	0.5	0.40680945400143215	1.83	48.51	0.58	9.77	1.05	61.73	1197.74	1541.4	2739.14	2857.96	IDX-RIL__B73xOh43__0.1x
IDX-RIL	indexed	ril	B73xOh43	0.5	0.49642	0.07949066976709018	0.039805929325541944	158257089	1600947	987423	160580614	145677127	12579962	0.9019458992928017	23	0.5	0.0	9.72	237.45	2.19	16.65	4.69	270.7	1135.17	1589.57	2724.74	3073.78	IDX-RIL__B73xOh43__0.5x
IDX-RIL	indexed	ril	B73xOh43	1.0	0.99291	0.12633336658917604	0.06356359141911261	158187742	1600947	987423	160580614	138203352	19984390	0.9019458992928017	23	0.5	0.0	19.43	519.93	3.55	20.42	8.09	571.42	1113.94	1596.18	2710.11	3283.89	IDX-RIL__B73xOh43__1.0x
IDX-HYB	indexed	hybrid	B73xOh43	2.0	2.00000	0.3785765610002253	0.18937737744901995	156823552	1950386	1950386	160580614	97453831	59369721	0.9006425672135329	23	1.0	0.0	35.3	1013.78	6.23	29.47	13.71	1098.5	1229.2	1527.21	2756.4	5374.93	IDX-HYB__B73xOh43__2.0x
IDX-RIL	indexed	ril	B73xOh43	2.0	1.98651	0.2151045363319254	0.10822143984098798	157814510	1600947	987423	160580614	123867893	33946617	0.9019458992928017	23	0.5	0.0	44.1	1000.35	5.18	27.25	12.25	1089.14	1248.61	1547.23	2795.83	4813.24	IDX-RIL__B73xOh43__2.0x
IDX-HYB	indexed	hybrid	B73xCML103	0.01	0.01001	0.015478524862279297	0.0077392624311396485	156116298	1635485	1635485	160580614	153699848	2416450	0.8966690608919462	23	1.0	0.887042009910189	0.31	8.91	0.26	7.94	0.13	17.55	1329.62	1545.16	2874.78	4764.15	IDX-HYB__B73xCML103__0.01x
IDX-HYB	indexed	hybrid	B73xCML103	0.1	0.10033	0.0729844835957576	0.036492485136438324	158215780	1635485	1635485	160580614	146668483	11547297	0.8966690608919462	23	1.0	0.7259651200495194	1.86	52.69	0.57	9.8	1.01	65.93	1217.09	1564.59	2781.68	2908.01	IDX-HYB__B73xCML103__0.1x
IDX-HYB	indexed	hybrid	B73xCML103	0.5	0.50017	0.09494428379033948	0.04747216713056046	158507552	1635485	1635485	160580614	143458166	15049386	0.8966690608919462	23	1.0	0.3348054084298192	9.42	261.4	2.24	15.13	4.87	293.07	1274.27	1616.94	2891.21	3189.4	IDX-HYB__B73xCML103__0.5x
IDX-RIL	indexed	ril	B73xCML103	0.01	0.00992	0.07818938518379315	0.03909470222691147	155682168	1135027	797213	160580614	143509475	12172693	0.8988790605241456	23	0.5	0.7847141951834605	0.52	10.64	0.27	8.96	0.13	20.53	1267.41	1607.71	2875.12	2898.66	IDX-RIL__B73xCML103__0.01x
IDX-RIL	indexed	ril	B73xCML103	0.1	0.09919	0.07925861265556233	0.03962932213241099	158181497	1135027	797213	160580614	145644251	12537246	0.8988790605241456	23	0.5	0.5488604051002016	2.39	61.38	0.67	9.7	1.04	75.18	1166.72	1613.1	2779.82	2961.44	IDX-RIL__B73xCML103__0.1x
IDX-HYB	indexed	hybrid	B73xCML103	1.0	1.00012	0.20185264516139978	0.10093746000110504	157980927	1635485	1635485	160580614	126092059	31888868	0.8966690608919462	23	1.0	0.0	18.01	478.62	3.88	22.84	8.61	531.96	1199.8	1656.39	2856.19	3391.3	IDX-HYB__B73xCML103__1.0x
IDX-RIL	indexed	ril	B73xCML103	0.5	0.49668	0.08854827197440918	0.044276759567291046	158752539	1135027	797213	160580614	144695276	14057263	0.8988790605241456	23	0.5	0.0	9.23	265.08	2.16	15.81	4.63	296.91	1166.02	1650.58	2816.6	3116.75	IDX-RIL__B73xCML103__0.5x
IDX-RIL	indexed	ril	B73xCML103	1.0	0.99348	0.1486708467569804	0.07436534637190018	158473450	1135027	797213	160580614	134913068	23560382	0.8988790605241456	23	0.5	0.0	18.46	579.78	3.27	21.29	7.9	630.72	1134.9	1707.01	2841.91	3543.07	IDX-RIL__B73xCML103__1.0x
IDX-HYB	indexed	hybrid	B73xCML103	2.0	2.00000	0.39951517360859723	0.19983508253481685	156931226	1635485	1635485	160580614	94234820	62696406	0.8966690608919462	23	1.0	0.0	40.62	1048.99	5.98	31.17	14.03	1140.79	1353.49	1534.39	2887.88	5629.01	IDX-HYB__B73xCML103__2.0x
IDX-RIL	indexed	ril	B73xCML103	2.0	1.98728	0.2758220496166136	0.1382646771465863	157950320	1135027	797213	160580614	114384139	43566181	0.8988790605241456	23	0.5	0.0	39.13	1001.17	5.65	27.31	13.01	1086.26	1398.58	1549.27	2947.85	5045.31	IDX-RIL__B73xCML103__2.0x
IDX-HYB	indexed	hybrid	Oh43xIl14H	0.01	0.01009	0.0217053288123622	0.01085266764827253	154221437	3271951	2593678	160580614	150874010	3347427	0.8973530429452714	23	1.0	0.8765130736492311	0.42	7.91	0.23	7.93	0.12	16.62	1345.65	1723.44	3069.09	4777.5	IDX-HYB__Oh43xIl14H__0.01x
IDX-HYB	indexed	hybrid	Oh43xIl14H	0.1	0.10002	0.07313754477250478	0.03657126353178097	156353772	3271951	2593678	160580614	144918441	11435331	0.8973530429452714	23	1.0	0.7202077690565578	1.83	53.53	0.59	7.51	0.98	64.44	1367.19	1753.22	3120.41	3244.7	IDX-HYB__Oh43xIl14H__0.1x
IDX-HYB	indexed	hybrid	Oh43xIl14H	0.5	0.50047	0.0917639817208612	0.046237372793195286	156594905	3271951	2593678	160580614	142225133	14369772	0.8973530429452714	23	1.0	0.31946229352417316	8.93	281.91	2.34	15.18	4.88	313.24	1257.86	1761.89	3019.75	3372.18	IDX-HYB__Oh43xIl14H__0.5x
IDX-RIL	indexed	ril	Oh43xIl14H	0.01	0.00985	0.06348930129281694	0.0317446868262693	152018274	2789499	1432581	160580614	142366740	9651534	0.8964420570003327	23	0.5	0.7303530303829319	0.27	11.71	0.28	7.12	0.13	19.51	1268.55	1766.64	3035.19	3057.0	IDX-RIL__Oh43xIl14H__0.01x
IDX-RIL	indexed	ril	Oh43xIl14H	0.1	0.09837	0.07921952699604107	0.039618025029155235	155903304	2789499	1432581	160580614	143552718	12350586	0.8964420570003327	23	0.5	0.4915369021217747	2.02	74.37	0.65	8.51	1.04	86.59	1297.57	1776.55	3074.11	3177.08	IDX-RIL__Oh43xIl14H__0.1x
IDX-HYB	indexed	hybrid	Oh43xIl14H	1.0	1.00021	0.1733428096151427	0.08723169106882445	156163922	3271951	2593678	160580614	129094029	27069893	0.8973530429452714	23	1.0	0.0	18.18	613.14	3.69	20.73	9.17	664.91	1180.82	1785.76	2966.57	3634.51	IDX-HYB__Oh43xIl14H__1.0x
IDX-RIL	indexed	ril	Oh43xIl14H	0.5	0.49196	0.09153154444124656	0.04586103401958286	156736490	2789499	1432581	160580614	142390157	14346333	0.8964420570003327	23	0.5	0.0	9.07	302.14	2.02	14.0	4.69	331.91	1183.11	1806.47	2989.58	3360.82	IDX-RIL__Oh43xIl14H__0.5x
IDX-HYB	indexed	hybrid	Oh43xIl14H	2.0	2.00000	0.32181616356393583	0.16180701107063122	155238573	3271951	2593678	160580614	105280291	49958282	0.8973530429452714	23	1.0	0.0	39.95	1140.89	5.79	28.91	13.84	1229.38	1064.71	1827.58	2892.29	4124.57	IDX-HYB__Oh43xIl14H__2.0x
IDX-HYB	indexed	hybrid	B97xCML103	0.01	0.00998	0.01209535332259204	0.0060476863639906675	154596228	2786214	2312266	160580614	152726332	1869896	0.8933291879924833	23	1.0	0.8923639368052252	0.29	8.23	0.24	6.04	0.11	14.92	1235.43	1733.58	2969.01	4650.03	IDX-HYB__B97xCML103__0.01x
IDX-RIL	indexed	ril	Oh43xIl14H	1.0	0.98409	0.12964142370064102	0.06542554564997582	156649645	2789499	1432581	160580614	136341362	20308283	0.8964420570003327	23	0.5	0.0	18.72	563.53	3.48	18.48	7.74	611.96	1207.07	1757.61	2964.67	5328.86	IDX-RIL__Oh43xIl14H__1.0x
IDX-RIL	indexed	ril	Oh43xIl14H	2.0	1.96711	0.2083656448948138	0.10533933364497516	156226330	2789499	1432581	160580614	123674130	32552200	0.8964420570003327	23	0.5	0.0	38.06	1066.03	4.95	26.25	12.51	1147.8	1168.79	1772.13	2940.92	5173.91	IDX-RIL__Oh43xIl14H__2.0x
IDX-HYB	indexed	hybrid	B97xCML103	0.1	0.10008	0.0551035966457184	0.02755809728960712	157089256	2786214	2312266	160580614	148433073	8656183	0.8933291879924833	23	1.0	0.7518094937336867	2.39	54.6	0.57	11.79	1.01	70.37	1190.44	1750.5	2940.95	3218.16	IDX-HYB__B97xCML103__0.1x
OUT-INBRED	heldout	inbred	Tx303	0.01	0.00999	0.19822102549696863	0.19822102549696863	148506007	1931042	0	160580614	119068994	29437013	0.7947764312767835	23	0.0	0.7296762901023115	0.23	9.64	0.3	7.09	0.14	17.39	1212.28	1695.94	2908.22	2944.53	OUT-INBRED__Tx303__0.01x
IDX-HYB	indexed	hybrid	B97xCML103	0.5	0.50017	0.0787463937634314	0.03966299233584969	157266097	2786214	2312266	160580614	144881959	12384138	0.8933291879924833	23	1.0	0.37605048937718516	10.23	260.81	2.24	15.4	5.17	293.86	1212.96	1783.71	2996.67	3411.53	IDX-HYB__B97xCML103__0.5x
OUT-INBRED	heldout	inbred	Tx303	0.1	0.09995	0.12962592664581662	0.12962592664581662	155975317	1931042	0	160580614	135756872	20218445	0.7947764312767835	23	0.0	0.4348706940129642	2.23	69.5	0.67	8.63	1.04	82.06	1149.42	1739.31	2888.73	3016.39	OUT-INBRED__Tx303__0.1x
IDX-HYB	indexed	hybrid	B97xCML103	1.0	0.99997	0.1738281208241742	0.08730094042432657	156686823	2786214	2312266	160580614	129450247	27236576	0.8933291879924833	23	1.0	0.0	21.17	521.88	3.58	20.34	8.51	575.47	1180.02	1800.48	2980.5	3636.38	IDX-HYB__B97xCML103__1.0x
OUT-INBRED	heldout	inbred	Tx303	1.0	1.00014	0.13047802984941514	0.13047802984941514	156932857	1931042	0	160580614	136456567	20476290	0.7947764312767835	23	0.0	0.0	20.09	574.33	3.38	19.55	7.81	625.16	1066.69	1828.03	2894.71	3522.38	OUT-INBRED__Tx303__1.0x
OUT-HYB	heldout	hybrid	Tx303xA188	0.01	0.01004	0.445596405978405	0.24458632668379943	148523092	3868738	3390254	160580614	82341736	66181356	0.7041407835879393	23	1.0	1.0	0.31	10.17	0.31	6.94	0.13	17.86	1085.78	1859.94	2945.72	3342.9	OUT-HYB__Tx303xA188__0.01x
OUT-HYB	heldout	hybrid	Tx303xA188	0.1	0.10017	0.39345601010106035	0.2092566001067927	153626643	3868738	3390254	160580614	93181317	60445326	0.7041407835879393	23	1.0	0.8251093899739299	1.99	65.32	0.76	8.72	1.07	77.86	1268.41	1786.24	3054.65	4752.73	OUT-HYB__Tx303xA188__0.1x
OUT-INBRED	heldout	inbred	Tx303	2.0	2.00000	0.13647744440930853	0.1364771669029713	156753177	1931042	0	160580614	135359904	21393273	0.7947764312767835	23	0.0	0.0	45.02	1122.16	4.99	25.36	11.71	1209.23	1270.93	1728.67	2999.6	5287.83	OUT-INBRED__Tx303__2.0x
IDX-HYB	indexed	hybrid	B97xCML103	2.0	2.00000	0.33189551754090607	0.1666836067181957	155607555	2786214	2312266	160580614	103962105	51645450	0.8933291879924833	23	1.0	0.0	46.74	1084.64	5.57	29.26	13.98	1180.19	1286.25	1779.27	3065.52	5826.36	IDX-HYB__B97xCML103__2.0x
IDX-RIL	indexed	ril	B97xCML103	0.01	0.00987	0.06816477772656082	0.03408242830981634	152104611	2073397	1210765	160580614	141736434	10368177	0.8929187291776683	23	0.5	0.7533390397236078	0.23	8.83	0.29	6.98	0.15	16.48	1217.29	1794.07	3011.36	3221.85	IDX-RIL__B97xCML103__0.01x
OUT-HYB	heldout	hybrid	Tx303xA188	0.5	0.50007	0.4061665813062145	0.21673826522753292	154386483	3868738	3390254	160580614	91679853	62706630	0.7041407835879393	23	1.0	0.34332737729015317	9.9	312.85	2.17	15.26	5.01	345.19	1288.43	1843.49	3131.92	3480.28	OUT-HYB__Tx303xA188__0.5x
IDX-RIL	indexed	ril	B97xCML103	0.1	0.09839	0.07875330432328631	0.03942491098987411	156955738	2073397	1210765	160580614	144594955	12360783	0.8929187291776683	23	0.5	0.5267369592329072	1.92	67.19	0.63	9.1	1.05	79.9	1245.53	1829.7	3075.23	3157.65	IDX-RIL__B97xCML103__0.1x
OUT-HYB	heldout	hybrid	Tx303xA188	1.0	1.00017	0.4253806251375317	0.2294493231145026	154096299	3868738	3390254	160580614	88546719	65549580	0.7041407835879393	23	1.0	0.0	19.5	573.63	3.76	20.96	8.84	626.69	1263.76	1871.12	3134.88	3764.73	OUT-HYB__Tx303xA188__1.0x
IDX-RIL	indexed	ril	B97xCML103	0.5	0.49204	0.09096965869505402	0.04592738733070345	157659567	2073397	1210765	160580614	143317330	14342237	0.8929187291776683	23	0.5	0.0	9.28	276.51	2.04	14.33	4.69	306.84	1195.63	1846.58	3042.2	3380.63	IDX-RIL__B97xCML103__0.5x
IDX-HYB	indexed	hybrid	Il14HxB97	0.01	0.00993	0.020706426952818102	0.010353219967486615	154057627	3263409	2902303	160580614	150867644	3189983	0.8921032098064867	23	1.0	0.8722069004040919	0.22	9.99	0.26	7.42	0.12	18.0	1103.82	1861.31	2965.13	3065.67	IDX-HYB__Il14HxB97__0.01x
OUT-HYB	heldout	hybrid	Tx303xA188	2.0	2.00000	0.4535060274762892	0.2458947342328529	153461989	3868738	3390254	160580614	83866052	69595937	0.7041407835879393	23	1.0	0.0	44.38	1094.63	6.96	43.43	15.32	1204.72	1139.67	1919.63	3059.3	4266.98	OUT-HYB__Tx303xA188__2.0x
IDX-HYB	indexed	hybrid	Il14HxB97	0.1	0.09982	0.07806520107806658	0.03903261013759218	156273459	3263409	2902303	160580614	144073940	12199519	0.8921032098064867	23	1.0	0.728418242704073	1.99	52.84	0.68	8.92	1.01	65.43	1256.34	1761.26	3017.6	4823.83	IDX-HYB__Il14HxB97__0.1x
IDX-RIL	indexed	ril	B97xCML103	1.0	0.98453	0.12543081130395817	0.0633854914655061	157441029	2073397	1210765	160580614	137693073	19747956	0.8929187291776683	23	0.5	0.0	18.3	571.42	3.93	20.69	8.22	622.57	1282.52	1781.07	3063.59	5569.98	IDX-RIL__B97xCML103__1.0x
IDX-RIL	indexed	ril	B97xCML103	2.0	1.96898	0.20072466181327597	0.10148212462895434	156986056	2073397	1210765	160580614	125475083	31510973	0.8929187291776683	23	0.5	0.0	39.15	1040.28	5.76	28.07	12.6	1125.85	1278.86	1757.53	3036.39	5401.15	IDX-RIL__B97xCML103__2.0x
IDX-HYB	indexed	hybrid	Il14HxB97	0.5	0.49973	0.09722647286188912	0.048946863091138715	156613683	3263409	2902303	160580614	141386687	15226996	0.8921032098064867	23	1.0	0.33327067382668374	8.87	245.28	2.83	120.26	5.79	383.02	1264.25	1817.63	3081.87	3492.3	IDX-HYB__Il14HxB97__0.5x
OUT-HYB	heldout	hybrid	Tx303xCML459	0.01	0.01008	0.456435929172298	0.25137617088740816	149158983	3780650	3200094	160580614	81077464	68081519	0.7531581045027348	23	1.0	0.9948186196478969	0.43	12.75	0.29	27.16	0.19	40.81	1274.35	1846.3	3120.65	3163.86	OUT-HYB__Tx303xCML459__0.01x
OUT-HYB	heldout	hybrid	Tx303xCML459	0.1	0.10004	0.401818872709228	0.21434867193178697	153475061	3780650	3200094	160580614	91805885	61669176	0.7531581045027348	23	1.0	0.8546159148165714	2.84	82.02	0.65	8.57	1.09	95.18	1226.16	1858.41	3084.56	3218.36	OUT-HYB__Tx303xCML459__0.1x
IDX-HYB	indexed	hybrid	Il14HxB97	1.0	1.00012	0.18541245864556244	0.09314850443305889	156143763	3263409	2902303	160580614	127192764	28950999	0.8921032098064867	23	1.0	0.0	18.94	570.88	3.76	20.42	8.66	622.66	1182.73	1848.93	3031.67	3789.55	IDX-HYB__Il14HxB97__1.0x
OUT-HYB	heldout	hybrid	Tx303xCML459	0.5	0.50014	0.41176889428393526	0.21987013612326423	154769136	3780650	3200094	160580614	91040020	63729116	0.7531581045027348	23	1.0	0.492327953538689	9.53	250.56	2.13	14.35	4.95	281.52	1214.57	1900.56	3115.13	3399.58	OUT-HYB__Tx303xCML459__0.5x
IDX-HYB	indexed	hybrid	Il14HxB97	2.0	2.00000	0.33738795759549434	0.16945298001729348	155238881	3263409	2902303	160580614	102863152	52375729	0.8921032098064867	23	1.0	0.0	37.51	1023.01	6.41	41.97	14.76	1123.65	1118.08	1880.92	2999.0	4134.07	IDX-HYB__Il14HxB97__2.0x
OUT-INBRED	heldout	inbred	A188	0.01	0.01005	0.20688037358249467	0.20688037358249467	151006219	2416180	0	160580614	119765996	31240223	0.6302745271262274	23	0.0	0.8423198888090373	0.27	12.59	0.36	19.08	0.18	32.46	1127.73	1930.29	3058.01	3134.99	OUT-INBRED__A188__0.01x
OUT-INBRED	heldout	inbred	A188	0.1	0.10000	0.14059727143719625	0.14059727143719625	155592607	2416180	0	160580614	133716711	21875896	0.6302745271262274	23	0.0	0.3964446903135164	2.24	78.23	0.68	11.44	1.08	93.68	1338.78	1758.9	3097.67	4851.26	OUT-INBRED__A188__0.1x
OUT-HYB	heldout	hybrid	Tx303xCML459	1.0	0.99996	0.4214928136115009	0.22603694424800935	154693418	3780650	3200094	160580614	89491254	65202164	0.7531581045027348	23	1.0	0.0	19.06	587.47	3.83	20.78	8.27	639.42	1351.89	1784.64	3136.53	5443.34	OUT-HYB__Tx303xCML459__1.0x
OUT-HYB	heldout	hybrid	Tx303xCML459	2.0	2.00000	0.4580272350948932	0.24794651788016242	153677379	3780650	3200094	160580614	83288954	70388425	0.7531581045027348	23	1.0	0.0	39.22	1075.96	6.03	28.6	13.81	1163.63	1413.85	1820.48	3234.33	5512.1	OUT-HYB__Tx303xCML459__2.0x
OUT-INBRED	heldout	inbred	A188	0.5	0.49995	0.13971322530182417	0.13971322530182417	156431583	2416180	0	160580614	134576022	21855561	0.6302745271262274	23	0.0	0.0	9.32	352.05	2.7	76.05	5.36	445.48	1293.96	1810.46	3104.42	3566.94	OUT-INBRED__A188__0.5x
IDX-RIL	indexed	ril	Il14HxB97	0.01	0.00980	0.07087250958152236	0.03545434850364637	152539173	2511577	1275495	160580614	141728339	10810834	0.8934616884002847	23	0.5	0.7006461987540805	0.33	12.87	0.29	13.1	0.13	26.73	1276.3	1782.47	3058.77	3140.32	IDX-RIL__Il14HxB97__0.01x
IDX-RIL	indexed	ril	Il14HxB97	0.1	0.09867	0.07934920242284393	0.039719237463389234	156330330	2511577	1275495	160580614	143925643	12404687	0.8934616884002847	23	0.5	0.4583476975255587	1.89	68.51	0.65	8.59	1.06	80.7	1212.14	1790.02	3002.16	3085.9	IDX-RIL__Il14HxB97__0.1x
OUT-INBRED	heldout	inbred	A188	1.0	0.99970	0.1443640484048292	0.1443640484048292	156374480	2416180	0	160580614	133799627	22574853	0.6302745271262274	23	0.0	0.0	18.14	674.24	3.31	19.17	7.76	722.62	1260.85	1832.79	3093.64	3821.68	OUT-INBRED__A188__1.0x
IDX-RIL	indexed	ril	Il14HxB97	0.5	0.49254	0.08828735626282325	0.04418870413340292	157175847	2511577	1275495	160580614	143299207	13876640	0.8934616884002847	23	0.5	0.0	9.42	279.47	2.1	14.93	4.73	310.65	1176.25	1794.13	2970.38	3297.98	IDX-RIL__Il14HxB97__0.5x
OUT-RIL	heldout	ril	Tx303xA188	0.01	0.00980	0.4042771920796462	0.24659941130554475	147150698	3134212	1446831	160580614	87661027	59489671	0.7009660620932476	23	0.5	0.9054267880691852	0.34	8.19	0.23	7.09	0.12	15.98	1071.35	1862.31	2933.66	3149.97	OUT-RIL__Tx303xA188__0.01x
IDX-RIL	indexed	ril	Il14HxB97	1.0	0.98446	0.11913832705325011	0.060285972708627567	157078066	2511577	1275495	160580614	138364048	18714018	0.8934616884002847	23	0.5	0.0	18.33	548.99	3.63	19.93	8.58	599.46	1127.52	1902.58	3030.11	3632.79	IDX-RIL__Il14HxB97__1.0x
OUT-INBRED	heldout	inbred	A188	2.0	2.00000	0.14782169740865214	0.14782152769958978	156149587	2416180	0	160580614	133067290	23082297	0.6302745271262274	23	0.0	0.0	41.02	1241.5	6.11	26.27	11.99	1326.9	1292.69	1832.76	3125.45	6149.04	OUT-INBRED__A188__2.0x
OUT-RIL	heldout	ril	Tx303xA188	0.1	0.09818	0.2998584263047649	0.181387280279234	153451529	3134212	1446831	160580614	107437795	46013734	0.7009660620932476	23	0.5	0.6215166203981499	2.26	58.54	0.71	9.09	1.07	71.67	1336.18	1740.61	3076.79	4951.42	OUT-RIL__Tx303xA188__0.1x
IDX-RIL	indexed	ril	Il14HxB97	2.0	1.96825	0.18574087879123136	0.09403246123014863	156723389	2511577	1275495	160580614	127613449	29109940	0.8934616884002847	23	0.5	0.0	36.85	1058.53	5.14	26.52	12.18	1139.22	1397.39	1768.27	3165.66	5554.66	IDX-RIL__Il14HxB97__2.0x
OUT-RIL	heldout	ril	Tx303xA188	0.5	0.49131	0.2980936747256968	0.18339291773598054	154859039	3134212	1446831	160580614	108696539	46162500	0.7009660620932476	23	0.5	0.0	10.29	257.75	2.1	14.3	4.72	289.16	1402.75	1760.43	3163.18	3632.55	OUT-RIL__Tx303xA188__0.5x
OUT-HYB	heldout	hybrid	A188xEP1	0.01	0.01001	0.4921202213811252	0.2731498897071343	145537972	6971086	6120246	160580614	73915793	71622179	0.6528683472260056	23	1.0	1.0	0.26	12.1	0.25	7.22	0.14	19.97	1380.97	1829.7	3210.66	3245.82	OUT-HYB__A188xEP1__0.01x
OUT-HYB	heldout	hybrid	A188xEP1	0.1	0.10013	0.43624905603155195	0.2365780463996192	150383734	6971086	6120246	160580614	84778972	65604762	0.6528683472260056	23	1.0	0.7752435312143949	2.74	77.54	0.79	18.81	1.12	100.99	1275.78	1864.94	3140.72	3244.98	OUT-HYB__A188xEP1__0.1x
OUT-RIL	heldout	ril	Tx303xA188	1.0	0.98281	0.3065648697547251	0.1910764061907786	154597355	3134212	1446831	160580614	107203237	47394118	0.7009660620932476	23	0.5	0.0	18.21	572.84	3.61	31.54	8.5	634.7	1241.21	1761.1	3002.31	3687.95	OUT-RIL__Tx303xA188__1.0x
OUT-HYB	heldout	hybrid	A188xEP1	0.5	0.50009	0.4476959033345672	0.24385599599896068	151184716	6971086	6120246	160580614	83499938	67684778	0.6528683472260056	23	1.0	0.19450766256278593	10.04	325.1	2.3	18.03	4.99	360.46	1283.57	1855.42	3138.99	3578.65	OUT-HYB__A188xEP1__0.5x
OUT-HYB	heldout	hybrid	A188xEP1	1.0	0.99978	0.467088249623138	0.2568969231898234	150888769	6971086	6120246	160580614	80410398	70478371	0.6528683472260056	23	1.0	0.0	20.18	614.54	3.56	30.92	8.61	677.81	1103.73	1875.69	2979.43	3659.37	OUT-HYB__A188xEP1__1.0x
OUT-INBRED	heldout	inbred	EP1	0.01	0.01002	0.26690887872484514	0.26690887872484514	146041174	5405746	0	160580614	107061488	38979686	0.6772174012200471	23	0.0	0.8065542109779439	0.38	9.62	0.25	15.15	0.17	25.57	1127.96	1870.14	2998.11	3247.75	OUT-INBRED__EP1__0.01x
OUT-RIL	heldout	ril	Tx303xA188	2.0	1.96560	0.31892908573213874	0.1998770677964019	154227285	3134212	1446831	160580614	105039718	49187567	0.7009660620932476	23	0.5	0.0	51.01	1237.65	6.41	26.83	13.0	1334.9	1172.56	1744.49	2917.05	5865.32	OUT-RIL__Tx303xA188__2.0x
OUT-INBRED	heldout	inbred	EP1	0.1	0.10003	0.1981790611566402	0.1981790611566402	152200938	5405746	0	160580614	122037899	30163039	0.6772174012200471	23	0.0	0.23927167158696097	2.18	58.83	0.61	7.94	1.01	70.57	1211.13	1831.38	3042.51	4865.16	OUT-INBRED__EP1__0.1x
MIX-HYB	mixed	hybrid	B73xTx303	0.01	0.01000	0.34316350603575385	0.17178604393541264	152424789	1931042	1931042	160580614	100118164	52306625	0.7947764312767835	23	1.0	0.8845542663929873	0.25	9.6	0.26	6.93	0.13	17.17	1127.97	1538.43	2666.4	2748.04	MIX-HYB__B73xTx303__0.01x
OUT-HYB	heldout	hybrid	A188xEP1	2.0	2.00000	0.48690351235717755	0.26923831222886685	150282011	6971086	6120246	160580614	77109172	73172839	0.6528683472260056	23	1.0	0.0	42.52	1185.52	5.86	27.8	13.35	1275.05	1189.38	1838.66	3028.04	5599.14	OUT-HYB__A188xEP1__2.0x
MIX-HYB	mixed	hybrid	B73xTx303	0.1	0.09983	0.3379043515254573	0.16969701261267156	156543678	1931042	1931042	160580614	103646888	52896790	0.7947764312767835	23	1.0	0.7217895744516002	1.85	57.56	0.7	8.63	1.06	69.82	1220.01	1539.89	2759.91	2832.78	MIX-HYB__B73xTx303__0.1x
OUT-INBRED	heldout	inbred	EP1	0.5	0.49978	0.19540051976522288	0.19540048387902686	153262274	5405746	0	160580614	123314746	29947528	0.6772174012200471	23	0.0	0.0	9.61	264.63	1.97	16.23	4.29	296.72	1163.41	1814.84	2978.25	3485.89	OUT-INBRED__EP1__0.5x
OUT-INBRED	heldout	inbred	EP1	1.0	0.99985	0.20365271208983715	0.20365271208983715	153110507	5405746	0	160580614	121929137	31181370	0.6772174012200471	23	0.0	0.0	18.15	509.41	3.32	18.11	7.43	556.43	1192.81	1842.42	3035.23	3624.67	OUT-INBRED__EP1__1.0x
MIX-HYB	mixed	hybrid	B73xTx303	0.5	0.49991	0.34524168586597137	0.1733784204460287	157516555	1931042	1931042	160580614	103135274	54381281	0.7947764312767835	23	1.0	0.3078803706628872	9.07	277.72	2.2	15.03	4.89	308.91	1138.23	1577.64	2715.87	3076.62	MIX-HYB__B73xTx303__0.5x
MIX-HYB	mixed	hybrid	B73xTx303	1.0	1.00023	0.38629401131804986	0.19494638525154062	157361738	1931042	1931042	160580614	96573841	60787897	0.7947764312767835	23	1.0	0.0	18.43	552.05	3.56	21.15	8.83	604.02	1035.63	1565.21	2600.84	3257.81	MIX-HYB__B73xTx303__1.0x
MIX-RIL	mixed	ril	B73xTx303	0.01	0.00995	0.29982279021858627	0.16587581536915574	150322402	1522262	951860	160580614	105252320	45070082	0.7936811856159761	23	0.5	0.7446249892904985	0.26	9.15	0.23	6.73	0.12	16.49	1052.86	1558.76	2611.62	2658.8	MIX-RIL__B73xTx303__0.01x
MIX-RIL	mixed	ril	B73xTx303	0.1	0.09949	0.23581078288315338	0.1294770846926503	156412805	1522262	951860	160580614	119528979	36883826	0.7936811856159761	23	0.5	0.5116943289234844	2.31	52.94	0.58	8.15	0.99	64.97	1170.03	1518.88	2688.92	4387.32	MIX-RIL__B73xTx303__0.1x
OUT-INBRED	heldout	inbred	EP1	2.0	2.00000	0.21000231780050171	0.21000231780050171	152830237	5405746	0	160580614	120735533	32094704	0.6772174012200471	23	0.0	0.0	43.33	1015.33	5.05	25.6	11.72	1101.03	1182.25	1837.12	3019.37	5719.61	OUT-INBRED__EP1__2.0x
MIX-HYB	mixed	hybrid	B73xTx303	2.0	2.00000	0.4669353650171897	0.23779454366518393	156583023	1931042	1931042	160580614	83468872	73114151	0.7947764312767835	23	1.0	0.0	39.57	1046.98	5.48	28.26	13.6	1133.89	1211.08	1530.99	2742.07	5015.87	MIX-HYB__B73xTx303__2.0x
MIX-RIL	mixed	ril	B73xTx303	0.5	0.49735	0.23300634331191117	0.12836211994114677	157688604	1522262	951860	160580614	120946159	36742445	0.7936811856159761	23	0.5	0.0	9.08	235.33	1.84	14.27	4.57	265.09	1219.87	1523.32	2743.18	3073.81	MIX-RIL__B73xTx303__0.5x
MIX-RIL	mixed	ril	B73xTx303	1.0	0.99499	0.24419213629847714	0.13566674571296555	157532149	1522262	951860	160580614	119064037	38468112	0.7936811856159761	23	0.5	0.0	17.44	511.79	3.69	20.74	8.28	561.93	1158.16	1546.62	2704.79	3320.65	MIX-RIL__B73xTx303__1.0x
OUT-RIL	heldout	ril	Tx303xCML459	0.01	0.00990	0.407058141119119	0.24874107719776184	146670431	2849970	1483234	160580614	86967038	59703393	0.7598067699598943	23	0.5	0.8647700265216112	0.21	8.95	0.24	6.9	0.14	16.43	1266.78	1760.48	3027.26	3168.13	OUT-RIL__Tx303xCML459__0.01x
OUT-RIL	heldout	ril	Tx303xCML459	0.1	0.09852	0.30223317827224416	0.18279643191335648	153723285	2849970	1483234	160580614	107263008	46460277	0.7598067699598943	23	0.5	0.6344505819018847	1.99	67.0	0.62	8.02	1.02	78.64	1197.4	1799.72	2997.12	3077.64	OUT-RIL__Tx303xCML459__0.1x
OUT-RIL	heldout	ril	Tx303xCML459	0.5	0.49259	0.29689449729786177	0.18043762934707352	155336429	2849970	1483234	160580614	109217898	46118531	0.7598067699598943	23	0.5	0.0	9.69	247.27	2.15	14.66	4.66	278.43	1167.49	1848.31	3015.8	3310.78	OUT-RIL__Tx303xCML459__0.5x
OUT-INBRED	heldout	inbred	CML459	0.01	0.01001	0.23429928126470767	0.23429928126470767	149144478	2430164	0	160580614	114200034	34944444	0.7147899301521113	23	0.0	0.8120495716301431	1.03	9.21	0.29	7.12	0.13	17.79	1079.38	1820.78	2900.17	3278.35	OUT-INBRED__CML459__0.01x
OUT-RIL	heldout	ril	Tx303xCML459	1.0	0.98546	0.2967555321462425	0.1856819037804146	155068388	2849970	1483234	160580614	109050986	46017402	0.7598067699598943	23	0.5	0.0	20.0	549.26	3.51	20.05	8.01	600.83	1073.93	1853.44	2927.37	3530.26	OUT-RIL__Tx303xCML459__1.0x
MIX-RIL	mixed	ril	B73xTx303	2.0	1.98938	0.2840682570900048	0.1571631845089576	157162516	1522262	951860	160580614	112517634	44644882	0.7936811856159761	23	0.5	0.0	37.98	1017.68	6.01	27.66	12.76	1102.09	1192.28	1537.58	2729.86	5448.52	MIX-RIL__B73xTx303__2.0x
OUT-INBRED	heldout	inbred	CML459	0.1	0.10006	0.16614889272749223	0.16614889272749223	155274649	2430164	0	160580614	129475938	25798711	0.7147899301521113	23	0.0	0.5304806084780423	3.12	56.78	0.56	7.75	1.0	69.2	1161.59	1820.1	2981.69	4757.27	OUT-INBRED__CML459__0.1x
OUT-RIL	heldout	ril	Tx303xCML459	2.0	1.97017	0.31358741752382036	0.19787899098016082	154463841	2849970	1483234	160580614	106025924	48437917	0.7598067699598943	23	0.5	0.0	45.62	1075.12	5.15	26.05	12.34	1164.28	1232.28	1780.9	3013.18	5313.22	OUT-RIL__Tx303xCML459__2.0x
OUT-INBRED	heldout	inbred	CML459	0.5	0.50006	0.1658630827983263	0.1658630827983263	156566317	2430164	0	160580614	130597745	25968572	0.7147899301521113	23	0.0	0.0	8.74	257.99	1.88	14.17	4.28	287.06	1199.34	1802.3	3001.63	3295.37	OUT-INBRED__CML459__0.5x
OUT-HYB	heldout	hybrid	EP1xIa453	0.01	0.01003	0.46244834092996434	0.25395296135679624	143759121	9482405	8226716	160580614	77277954	66481167	0.7378075506855424	23	1.0	1.0	0.25	8.64	0.24	6.96	0.14	16.23	1236.6	1756.42	2993.02	3333.04	OUT-HYB__EP1xIa453__0.01x
OUT-HYB	heldout	hybrid	EP1xIa453	0.1	0.10004	0.40586629543832387	0.21823939340569698	148336375	9482405	8226716	160580614	88131640	60204735	0.7378075506855424	23	1.0	0.7703933603816014	2.66	67.58	0.64	8.03	1.08	79.99	1213.41	1818.73	3032.14	3118.19	OUT-HYB__EP1xIa453__0.1x
OUT-INBRED	heldout	inbred	CML459	1.0	1.00007	0.1683040471035615	0.1683040471035615	156301387	2430164	0	160580614	129995231	26306156	0.7147899301521113	23	0.0	0.0	17.34	508.95	3.52	18.59	7.69	556.1	1139.06	1823.73	2962.79	3521.13	OUT-INBRED__CML459__1.0x
OUT-HYB	heldout	hybrid	EP1xIa453	0.5	0.49987	0.4064285376013903	0.21966856328861295	149288230	9482405	8226716	160580614	88613233	60674997	0.7378075506855424	23	1.0	0.2613714808791207	10.06	285.81	2.25	14.59	4.98	317.69	1085.15	1836.19	2921.34	3270.41	OUT-HYB__EP1xIa453__0.5x
OUT-INBRED	heldout	inbred	CML459	2.0	2.00000	0.17686271738364356	0.17686271417712318	155932270	2430164	0	160580614	128353665	27578605	0.7147899301521113	23	0.0	0.0	36.67	995.83	5.76	26.43	12.09	1076.76	1080.46	1863.49	2943.95	4127.76	OUT-INBRED__CML459__2.0x
OUT-HYB	heldout	hybrid	EP1xIa453	1.0	1.00005	0.42413630537165037	0.23091810940599355	149053260	9482405	8226716	160580614	85834361	63218899	0.7378075506855424	23	1.0	0.0	20.16	550.36	3.54	20.39	8.31	602.75	1095.75	1858.22	2953.97	3645.5	OUT-HYB__EP1xIa453__1.0x
MIX-HYB	mixed	hybrid	Oh43xA188	0.1	0.09984	0.2764368021511999	0.13943443858860738	154687251	3644872	2923178	160580614	111926002	42761249	0.7471965214171213	23	1.0	0.7433803271480917	2.0	59.06	0.57	8.21	1.03	70.88	1134.15	1802.79	2936.94	4464.7	MIX-HYB__Oh43xA188__0.1x
MIX-HYB	mixed	hybrid	Oh43xA188	0.01	0.00997	0.30303709189448647	0.15158684918764553	151625310	3644872	2923178	160580614	105677217	45948093	0.7471965214171213	23	1.0	0.9671643584763072	0.65	9.19	0.24	6.98	0.14	17.19	1203.99	1780.17	2984.17	4508.68	MIX-HYB__Oh43xA188__0.01x
MIX-HYB	mixed	hybrid	Oh43xA188	0.5	0.50014	0.29838925287617124	0.15200661276705163	155223372	3644872	2923178	160580614	108906386	46316986	0.7471965214171213	23	1.0	0.20837163464958625	8.87	260.52	2.0	14.55	4.63	290.58	1173.57	1765.3	2938.87	3264.84	MIX-HYB__Oh43xA188__0.5x
OUT-HYB	heldout	hybrid	EP1xIa453	2.0	2.00000	0.4567256284640844	0.25071725488856855	148344754	9482405	8226716	160580614	80591903	67752851	0.7378075506855424	23	1.0	0.0	45.07	1075.96	5.54	28.16	13.56	1168.29	1179.89	1788.12	2968.01	5183.13	OUT-HYB__EP1xIa453__2.0x
MIX-RIL	mixed	ril	Oh43xA188	0.01	0.00989	0.2863289152738133	0.16063384740839182	150684027	2974930	1209558	160580614	107538833	43145194	0.7428935785000408	23	0.5	0.8515746570343969	0.21	8.22	0.23	6.8	0.13	15.59	1170.25	1784.13	2954.38	3285.76	MIX-RIL__Oh43xA188__0.01x
MIX-RIL	mixed	ril	Oh43xA188	0.1	0.09836	0.21459777382043876	0.11925332399740063	154774038	2974930	1209558	160580614	121559874	33214164	0.7428935785000408	23	0.5	0.5624473669524593	1.85	55.84	0.6	7.87	1.0	67.15	1173.85	1789.74	2963.59	3099.26	MIX-RIL__Oh43xA188__0.1x
MIX-HYB	mixed	hybrid	Oh43xA188	1.0	1.00035	0.3460844983545729	0.17805908505809998	154870424	3644872	2923178	160580614	101272171	53598253	0.7471965214171213	23	1.0	0.0	17.07	521.91	3.44	19.85	8.28	570.53	1214.11	1777.95	2992.06	3759.97	MIX-HYB__Oh43xA188__1.0x
MIX-RIL	mixed	ril	Oh43xA188	0.5	0.49129	0.22505675548869764	0.12640993020233937	155688026	2974930	1209558	160580614	120649384	35038642	0.7428935785000408	23	0.5	0.0	8.96	307.83	2.05	17.02	4.64	340.5	1083.69	1847.5	2931.18	3274.14	MIX-RIL__Oh43xA188__0.5x
OUT-INBRED	heldout	inbred	Ia453	0.01	0.00995	0.1838125306197922	0.1838125306197922	149353969	5332348	0	160580614	121900838	27453131	0.8060134174772994	23	0.0	0.7186418068805502	0.34	9.79	0.28	7.39	0.14	17.94	1058.69	1776.17	2834.86	2854.87	OUT-INBRED__Ia453__0.01x
MIX-RIL	mixed	ril	Oh43xA188	1.0	0.98244	0.24338414592332613	0.13746693433681922	155524251	2974930	1209558	160580614	117672114	37852137	0.7428935785000408	23	0.5	0.0	18.52	551.56	3.78	19.25	7.83	600.93	1097.15	1862.76	2959.91	3592.41	MIX-RIL__Oh43xA188__1.0x
OUT-INBRED	heldout	inbred	Ia453	0.1	0.09980	0.11912560278427808	0.11912560278427808	153459958	5332348	0	160580614	135178948	18281010	0.8060134174772994	23	0.0	0.40207214855815065	2.49	56.97	0.64	11.37	1.08	72.55	1162.41	1743.04	2905.45	4415.51	OUT-INBRED__Ia453__0.1x
MIX-HYB	mixed	hybrid	Oh43xA188	2.0	2.00000	0.392216254296042	0.20229245775653515	154423827	3644872	2923178	160580614	93856292	60567535	0.7471965214171213	23	1.0	0.0	37.93	1130.51	5.89	31.52	13.86	1219.71	1157.24	1797.03	2954.27	5633.13	MIX-HYB__Oh43xA188__2.0x
OUT-INBRED	heldout	inbred	Ia453	0.5	0.49968	0.12071607056396694	0.12071607056396694	154203462	5332348	0	160580614	135588626	18614836	0.8060134174772994	23	0.0	0.0	9.43	255.14	2.0	14.42	4.52	285.51	1156.62	1709.68	2866.3	3194.6	OUT-INBRED__Ia453__0.5x
MIX-RIL	mixed	ril	Oh43xA188	2.0	1.96447	0.26575290635823046	0.1509413006621686	155323592	2974930	1209558	160580614	114045896	41277696	0.7428935785000408	23	0.5	0.0	40.22	1079.75	5.08	26.14	12.21	1163.4	1167.97	1784.51	2952.48	5201.21	MIX-RIL__Oh43xA188__2.0x
OUT-HYB	heldout	hybrid	CML459xIa453	0.01	0.01002	0.45356492247483393	0.24606015772885426	148708872	6823886	5885260	160580614	81259744	67449128	0.7588073803096456	23	1.0	1.0	0.27	9.26	0.26	6.94	0.13	16.86	1203.5	1774.51	2978.01	3313.32	OUT-HYB__CML459xIa453__0.01x
OUT-INBRED	heldout	inbred	Ia453	1.0	1.00005	0.12408554121057014	0.12408554121057014	154133381	5332348	0	160580614	135007657	19125724	0.8060134174772994	23	0.0	0.0	18.9	472.57	3.14	18.61	7.58	520.79	1170.84	1716.47	2887.31	3656.94	OUT-INBRED__Ia453__1.0x
OUT-HYB	heldout	hybrid	CML459xIa453	0.1	0.09998	0.41453915169517785	0.21934259453414617	150838539	6823886	5885260	160580614	88310059	62528480	0.7588073803096456	23	1.0	0.8816800122206487	2.34	50.89	0.57	7.87	1.02	62.69	1199.85	1777.07	2976.92	3138.63	OUT-HYB__CML459xIa453__0.1x
OUT-HYB	heldout	hybrid	CML459xIa453	0.5	0.49977	0.4154055884328851	0.22029419145355444	152066960	6823886	5885260	160580614	88897495	63169465	0.7588073803096456	23	1.0	0.5349310148026388	8.9	280.51	2.17	14.73	4.93	311.24	1076.58	1809.22	2885.8	3200.17	OUT-HYB__CML459xIa453__0.5x
OUT-HYB	heldout	hybrid	CML459xIa453	1.0	0.99949	0.43182292131212396	0.23051972206632187	151929339	6823886	5885260	160580614	86322768	65606571	0.7588073803096456	23	1.0	0.050937417645274506	20.11	574.4	3.76	20.14	8.36	626.78	1059.47	1837.14	2896.61	3525.06	OUT-HYB__CML459xIa453__1.0x
OUT-RIL	heldout	ril	A188xEP1	0.01	0.00969	0.43972572145459077	0.2653100798867589	146123715	5063720	3051620	160580614	81869359	64254356	0.6500354116752673	23	0.5	0.9753142960928962	0.34	8.64	0.24	6.43	0.13	15.77	1047.51	1918.18	2965.68	3106.43	OUT-RIL__A188xEP1__0.01x
OUT-INBRED	heldout	inbred	Ia453	2.0	2.00001	0.12967152958943062	0.12967152958943062	154028699	5332348	0	160580614	134055562	19973137	0.8060134174772994	23	0.0	0.0	38.96	1073.71	5.52	26.46	11.82	1156.47	1108.8	1745.84	2854.65	5446.51	OUT-INBRED__Ia453__2.0x
OUT-RIL	heldout	ril	A188xEP1	0.1	0.09733	0.3518236230573015	0.2103545152308235	151584122	5063720	3051620	160580614	98253247	53330875	0.6500354116752673	23	0.5	0.6444183502773408	1.96	57.26	0.58	8.59	1.01	69.4	1091.43	1883.06	2974.49	4533.81	OUT-RIL__A188xEP1__0.1x
OUT-HYB	heldout	hybrid	CML459xIa453	2.0	2.00000	0.47447177423138154	0.2552675944642401	151024107	6823886	5885260	160580614	79367431	71656676	0.7588073803096456	23	1.0	0.0	42.44	1066.25	5.71	28.77	13.71	1156.89	1186.37	1783.57	2969.93	5061.89	OUT-HYB__CML459xIa453__2.0x
OUT-RIL	heldout	ril	A188xEP1	0.5	0.48690	0.35761763104901845	0.21582819151966948	152759328	5063720	3051620	160580614	98129899	54629429	0.6500354116752673	23	0.5	0.0	9.16	246.63	1.93	14.0	4.36	276.09	1128.52	1887.1	3015.62	3378.39	OUT-RIL__A188xEP1__0.5x
MIX-HYB	mixed	hybrid	Il14HxEP1	0.01	0.00998	0.3627813039199721	0.18157292545538584	148033042	6550477	5695370	160580614	94329422	53703620	0.7794500593432085	23	1.0	0.9601827406163039	0.26	10.42	0.28	7.3	0.13	18.4	1178.71	1775.9	2954.61	3327.42	MIX-HYB__Il14HxEP1__0.01x
MIX-HYB	mixed	hybrid	Il14HxEP1	0.1	0.09994	0.31278923140432235	0.1573884165656635	151571110	6550477	5695370	160580614	104161299	47409811	0.7794500593432085	23	1.0	0.7043746219609511	1.85	55.82	0.63	8.3	1.13	67.73	1173.75	1769.61	2943.36	3104.16	MIX-HYB__Il14HxEP1__0.1x
OUT-RIL	heldout	ril	A188xEP1	1.0	0.97423	0.3640092621292865	0.22262141768947175	152615015	5063720	3051620	160580614	97061736	55553279	0.6500354116752673	23	0.5	0.0	18.51	491.18	3.36	19.71	7.73	540.48	1172.41	1898.54	3070.95	3773.77	OUT-RIL__A188xEP1__1.0x
MIX-HYB	mixed	hybrid	Il14HxEP1	0.5	0.49953	0.3119312579611422	0.15825010080046387	152546421	6550477	5695370	160580614	104962424	47583997	0.7794500593432085	23	1.0	0.18905192304887236	9.2	285.3	2.06	14.29	4.83	315.68	1164.49	1809.55	2974.03	3291.45	MIX-HYB__Il14HxEP1__0.5x
MIX-RIL	mixed	ril	Il14HxEP1	0.01	0.00985	0.313045627926671	0.17591111879414878	148540784	5221204	3128588	160580614	102040741	46500043	0.7810071633826907	23	0.5	0.8405438138106566	0.28	9.27	0.28	7.36	0.13	17.32	1044.38	1849.45	2893.83	2980.55	MIX-RIL__Il14HxEP1__0.01x
OUT-RIL	heldout	ril	A188xEP1	2.0	1.94795	0.3771896524346522	0.23222830567623298	152106389	5063720	3051620	160580614	94733433	57372956	0.6500354116752673	23	0.5	0.0	40.04	1081.44	5.81	27.78	13.07	1168.14	1083.74	1918.29	3002.03	4172.42	OUT-RIL__A188xEP1__2.0x
MIX-HYB	mixed	hybrid	Il14HxEP1	1.0	0.99957	0.34116737107619965	0.17496315804591156	152350768	6550477	5695370	160580614	100373657	51977111	0.7794500593432085	23	1.0	0.0	19.27	579.12	3.51	19.75	8.28	629.92	1076.89	1818.61	2895.51	4858.17	MIX-HYB__Il14HxEP1__1.0x
MIX-RIL	mixed	ril	Il14HxEP1	0.1	0.09843	0.25106857301545626	0.14116333360142364	152374005	5221204	3128588	160580614	114117681	38256324	0.7810071633826907	23	0.5	0.4957074487877007	2.03	56.03	0.57	7.91	1.0	67.54	1189.8	1816.3	3006.09	4540.13	MIX-RIL__Il14HxEP1__0.1x
MIX-HYB	mixed	hybrid	Il14HxEP1	2.0	2.00000	0.3964850820265138	0.2059997718142449	151630850	6550477	5695370	160580614	91511480	60119370	0.7794500593432085	23	1.0	0.0	42.51	1004.11	5.42	27.96	13.31	1093.31	1214.74	1776.08	2990.82	5152.02	MIX-HYB__Il14HxEP1__2.0x
MIX-RIL	mixed	ril	Il14HxEP1	0.5	0.49224	0.2506551849314165	0.14188608780321188	153598618	5221204	3128588	160580614	115098328	38500290	0.7810071633826907	23	0.5	0.0	9.22	240.97	1.88	15.94	4.49	272.5	1159.53	1800.1	2959.62	3483.69	MIX-RIL__Il14HxEP1__0.5x
MIX-HYB	mixed	hybrid	B97xCML459	0.01	0.01002	0.3376686001370247	0.16894191773358702	152976744	3607021	3159201	160580614	101321301	51655443	0.7966089251303482	23	1.0	0.956280296273705	0.45	10.62	0.28	7.09	0.13	18.57	1163.78	1760.82	2924.6	3237.06	MIX-HYB__B97xCML459__0.01x
MIX-RIL	mixed	ril	Il14HxEP1	1.0	0.98497	0.25972498266343536	0.14926954416003713	153440145	5221204	3128588	160580614	113587906	39852239	0.7810071633826907	23	0.5	0.0	19.38	467.57	3.36	19.15	7.85	517.31	1151.93	1784.17	2936.1	3714.46	MIX-RIL__Il14HxEP1__1.0x
MIX-HYB	mixed	hybrid	B97xCML459	0.1	0.10005	0.3110102902801415	0.15611084208181558	154844764	3607021	3159201	160580614	106686449	48158315	0.7966089251303482	23	1.0	0.7978645233681442	1.87	54.54	0.57	8.02	1.01	66.01	1154.89	1779.35	2934.24	3104.42	MIX-HYB__B97xCML459__0.1x
MIX-HYB	mixed	hybrid	B97xCML459	0.5	0.50056	0.3158092566863866	0.15895390464789494	155689211	3607021	3159201	160580614	106521117	49168094	0.7966089251303482	23	1.0	0.42825006772843566	9.04	256.27	2.09	14.35	4.81	286.55	1125.34	1819.96	2945.3	3233.82	MIX-HYB__B97xCML459__0.5x
MIX-RIL	mixed	ril	Il14HxEP1	2.0	1.96963	0.2907246137258507	0.16747846220207396	153099101	5221204	3128588	160580614	108589424	44509677	0.7810071633826907	23	0.5	0.0	37.93	1023.65	5.62	26.71	12.85	1106.75	1144.02	1839.62	2983.64	4146.98	MIX-RIL__Il14HxEP1__2.0x
OUT-RIL	heldout	ril	EP1xIa453	0.01	0.00972	0.41023768505222435	0.2478855122044077	146288501	7362173	3835271	160580614	86275445	60013056	0.7443126456361154	23	0.5	0.9001577654300456	0.32	8.07	0.25	7.49	0.12	16.24	1134.04	1833.32	2967.36	3006.89	OUT-RIL__EP1xIa453__0.01x
MIX-HYB	mixed	hybrid	B97xCML459	1.0	1.00022	0.3493163876725838	0.1771628230796256	155441170	3607021	3159201	160580614	101143022	54298148	0.7966089251303482	23	1.0	0.0	19.97	542.2	3.79	21.15	8.41	595.52	1078.34	1854.75	2933.1	4827.02	MIX-HYB__B97xCML459__1.0x
OUT-RIL	heldout	ril	EP1xIa453	0.1	0.09749	0.3139435861424189	0.1883778712786539	149902814	7362173	3835271	160580614	102841787	47061027	0.7443126456361154	23	0.5	0.5980511101525944	1.99	53.83	0.59	7.93	1.01	65.34	1137.81	1756.98	2894.8	4502.27	OUT-RIL__EP1xIa453__0.1x
MIX-HYB	mixed	hybrid	B97xCML459	2.0	2.00000	0.4193000210403629	0.2149287102067402	154602847	3607021	3159201	160580614	89777870	64824977	0.7966089251303482	23	1.0	0.0	50.59	1038.76	5.83	28.16	13.69	1137.04	1190.9	1781.17	2972.07	5145.58	MIX-HYB__B97xCML459__2.0x
OUT-RIL	heldout	ril	EP1xIa453	0.5	0.48631	0.3109348985475803	0.1876481025434985	151122911	7362173	3835271	160580614	104133524	46989387	0.7443126456361154	23	0.5	0.0	20.89	250.52	1.91	13.59	4.4	291.32	1193.98	1794.48	2988.46	3576.5	OUT-RIL__EP1xIa453__0.5x
MIX-RIL	mixed	ril	B97xCML459	0.01	0.00989	0.280884088044257	0.15776263358759912	149522393	2608777	1265341	160580614	107523932	41998461	0.8038068562249653	23	0.5	0.7944154247384214	0.27	8.82	0.26	7.31	0.13	16.79	1178.32	1743.12	2921.44	3198.44	MIX-RIL__B97xCML459__0.01x
OUT-RIL	heldout	ril	EP1xIa453	1.0	0.97276	0.3135783661662913	0.19424816203252404	150974924	7362173	3835271	160580614	103632454	47342470	0.7443126456361154	23	0.5	0.0	17.57	503.23	3.34	19.62	7.84	551.6	1144.33	1762.22	2906.54	3614.85	OUT-RIL__EP1xIa453__1.0x
MIX-RIL	mixed	ril	B97xCML459	0.1	0.09901	0.22900354358433583	0.1288783921026625	155062487	2608777	1265341	160580614	119552628	35509859	0.8038068562249653	23	0.5	0.5610405254068448	2.2	57.47	0.57	8.01	0.97	69.21	1196.23	1772.34	2968.57	3147.92	MIX-RIL__B97xCML459__0.1x
MIX-RIL	mixed	ril	B97xCML459	0.5	0.49450	0.22644500171291393	0.12850576303797068	156309659	2608777	1265341	160580614	120914118	35395541	0.8038068562249653	23	0.5	0.0	8.63	250.99	1.99	14.38	4.73	280.74	1149.24	1803.0	2952.24	3249.91	MIX-RIL__B97xCML459__0.5x
OUT-RIL	heldout	ril	EP1xIa453	2.0	1.94488	0.3323970725347478	0.2064478295660891	150421051	7362173	3835271	160580614	100421534	49999517	0.7443126456361154	23	0.5	0.0	36.68	992.85	5.5	27.5	13.03	1075.56	1053.36	1831.09	2884.45	4041.36	OUT-RIL__EP1xIa453__2.0x
MIX-RIL	mixed	ril	B97xCML459	1.0	0.98924	0.22870288667502303	0.13176086894073713	156199467	2608777	1265341	160580614	120476198	35723269	0.8038068562249653	23	0.5	0.0	19.59	521.42	3.25	19.31	7.81	571.39	1053.35	1840.3	2893.65	3529.38	MIX-RIL__B97xCML459__1.0x
MIX-HYB	mixed	hybrid	CML103xIa453	0.01	0.01002	0.2538297234096554	0.12705694964737813	148999272	6224166	5480499	160580614	111178828	37820444	0.8515706151052052	23	1.0	1.0	1.0	9.38	0.23	6.71	0.12	17.44	1119.08	1757.75	2876.83	4157.1	MIX-HYB__CML103xIa453__0.01x
MIX-HYB	mixed	hybrid	CML103xIa453	0.1	0.09990	0.2378643917202079	0.11947826364528558	152439866	6224166	5480499	160580614	116179850	36260016	0.8515706151052052	23	1.0	0.8691729108358323	7.03	52.79	0.59	8.46	1.05	69.92	1142.75	1760.14	2902.89	4437.71	MIX-HYB__CML103xIa453__0.1x
MIX-RIL	mixed	ril	B97xCML459	2.0	1.97801	0.2587481671878974	0.14887363673626108	155840443	2608777	1265341	160580614	115517014	40323429	0.8038068562249653	23	0.5	0.0	42.67	984.86	5.1	26.21	12.44	1071.29	1139.77	1766.0	2905.77	5058.83	MIX-RIL__B97xCML459__2.0x
MIX-HYB	mixed	hybrid	CML103xIa453	0.5	0.50015	0.25390433557136605	0.128090637466296	153144175	6224166	5480499	160580614	114260205	38883970	0.8515706151052052	23	1.0	0.5431664516701619	10.0	256.88	2.04	13.64	4.76	287.32	1152.1	1740.23	2892.33	3536.46	MIX-HYB__CML103xIa453__0.5x
OUT-RIL	heldout	ril	CML459xIa453	0.01	0.00981	0.39073293366874895	0.23667790833667313	145361558	5805293	2690255	160580614	88564010	56797548	0.767577021088106	23	0.5	0.8825663374296965	0.3	9.62	0.29	7.7	0.13	18.04	1149.04	1753.53	2902.57	3112.21	OUT-RIL__CML459xIa453__0.01x
MIX-HYB	mixed	hybrid	CML103xIa453	1.0	1.00009	0.30595529595036164	0.15596612667414	152796806	6224166	5480499	160580614	106047814	46748992	0.8515706151052052	23	1.0	0.08555696968536092	16.96	508.35	3.52	20.62	8.55	558.01	1132.46	1751.5	2883.96	3603.93	MIX-HYB__CML103xIa453__1.0x
OUT-RIL	heldout	ril	CML459xIa453	0.1	0.09833	0.2963654218303089	0.1769772324062875	151366589	5805293	2690255	160580614	106506766	44859823	0.767577021088106	23	0.5	0.6408394859475481	1.82	50.41	0.58	8.42	1.0	62.23	1223.21	1774.97	2998.18	3225.54	OUT-RIL__CML459xIa453__0.1x
OUT-RIL	heldout	ril	CML459xIa453	0.5	0.49099	0.2963661435429408	0.17837154501018637	152806999	5805293	2690255	160580614	107520178	45286821	0.767577021088106	23	0.5	0.0	10.86	248.89	2.08	14.27	4.7	280.79	1133.74	1777.07	2910.81	3254.38	OUT-RIL__CML459xIa453__0.5x
MIX-HYB	mixed	hybrid	CML103xIa453	2.0	2.00000	0.4123770010203134	0.21159646203181148	151843536	6224166	5480499	160580614	89226754	62616782	0.8515706151052052	23	1.0	0.0	40.13	980.45	7.0	30.2	15.14	1072.91	1097.43	1738.18	2835.61	3910.59	MIX-HYB__CML103xIa453__2.0x
MIX-RIL	mixed	ril	CML103xIa453	0.01	0.00981	0.2438382475226144	0.13224109856638389	149105673	5036073	3160883	160580614	112748007	36357666	0.8526250434693784	23	0.5	0.8568837829361341	0.88	9.71	0.27	7.24	0.14	18.23	1118.97	1714.13	2833.1	2865.09	MIX-RIL__CML103xIa453__0.01x
OUT-RIL	heldout	ril	CML459xIa453	1.0	0.98223	0.2988445933197136	0.18331845745630693	152695759	5805293	2690255	160580614	107063457	45632302	0.767577021088106	23	0.5	0.0	19.0	543.38	3.36	20.48	8.29	594.51	1054.3	1784.97	2839.27	4639.53	OUT-RIL__CML459xIa453__1.0x
MIX-RIL	mixed	ril	CML103xIa453	0.1	0.09847	0.18898728151317823	0.10195958005262018	153184811	5036073	3160883	160580614	124234830	28949981	0.8526250434693784	23	0.5	0.6360668223854781	1.91	50.07	0.58	8.21	1.03	61.8	1096.02	1689.34	2785.36	4329.01	MIX-RIL__CML103xIa453__0.1x
OUT-RIL	heldout	ril	CML459xIa453	2.0	1.96484	0.3208001314955031	0.19743559843478176	152139043	5805293	2690255	160580614	103332818	48806225	0.767577021088106	23	0.5	0.0	42.08	1005.8	5.23	26.68	12.37	1092.17	1045.47	1795.08	2840.56	4946.94	OUT-RIL__CML459xIa453__2.0x
MIX-RIL	mixed	ril	CML103xIa453	0.5	0.49195	0.1968673884272063	0.10624081548646991	154070490	5036073	3160883	160580614	123739035	30331455	0.8526250434693784	23	0.5	0.01950871596889248	8.58	248.83	1.9	13.7	4.45	277.46	1045.96	1710.41	2756.37	3415.86	MIX-RIL__CML103xIa453__0.5x
MIX-RIL	mixed	ril	CML103xIa453	1.0	0.98382	0.20755791327155737	0.11357992004567585	154047203	5036073	3160883	160580614	122073487	31973716	0.8526250434693784	23	0.5	0.0	17.14	473.65	3.39	20.04	7.92	522.15	1099.51	1701.93	2801.44	3376.1	MIX-RIL__CML103xIa453__1.0x
MIX-RIL	mixed	ril	CML103xIa453	2.0	1.96796	0.2613306944998247	0.1428793900254549	153602213	5036073	3160883	160580614	113461240	40140973	0.8526250434693784	23	0.5	0.0	38.78	1000.09	5.3	26.89	12.54	1083.61	1072.35	1720.26	2792.61	3878.48	MIX-RIL__CML103xIa453__2.0x
